P_ID,Society_name,Address
P_1,Farm Side Apartments,"Farm Side Apartments,  Chhattarpur , New Delhi"
P_2,Buildwick Corner Homes,"Buildwick Corner Homes,  Chhattarpur , New Delhi"
P_3,Premium Builder Floors,"Premium Builder Floors,  Defence Colony , New Delhi"
P_4,Luxury Builder Floor,"Luxury Builder Floor,  Greater Kailash 2 , New Delhi"
P_5,New Delhi,New Delhi
P_6,New Delhi,"Rohini Sector 24 , New Delhi"
P_7,New Delhi,"Chhattarpur , New Delhi"
P_8,Manglik Apartment,"Manglik Apartment,  Dwarka Sector 6 , New Delhi"
P_9,New Delhi,"Rohini Sector 21 , New Delhi"
P_10,New Delhi,"Dwarka Mor , New Delhi"
P_11,New Delhi,"Dwarka Mor , New Delhi"
P_12,New Delhi,"Dwarka Sector 4 , New Delhi"
P_13,Jangpura B,"Jangpura B,  Jangpura B, Jangpura , New Delhi"
P_14,New Delhi,"Greater Kailash 1 , New Delhi"
P_15,TARC Tripundra,"TARC Tripundra,  Bijwasan , New Delhi"
P_16,New Delhi,"Panchsheel Park , New Delhi"
P_17,New Delhi,"Vasant Vihar , New Delhi"
P_18,New Delhi,"Greater Kailash 1 , New Delhi"
P_19,New Delhi,"Karam Pura , New Delhi"
P_20,Godrej South Estate,"Godrej South Estate,  Okhla , New Delhi"
P_21,DDA Flats Munirka,"DDA Flats Munirka,  Munirka , New Delhi"
P_22,DLF One Midtown,"DLF One Midtown,  Moti Nagar, Kirti Nagar , New Delhi"
P_23,DLF Capital Greens 1 and 2,"DLF Capital Greens 1 and 2,  Moti Nagar, Kirti Nagar , New Delhi"
P_24,Skyom Apartment,"Skyom Apartment,  Mahavir Enclave , New Delhi"
P_25,Mitya Homes,"Mitya Homes,  Dwarka Mor , New Delhi"
P_26,Luxury Builder Floor,"Luxury Builder Floor,  Greater Kailash 1 , New Delhi"
P_27,HCS Nature Plus,"HCS Nature Plus,  Chhattarpur , New Delhi"
P_28,Premium Home,"Premium Home,  Greater Kailash 1 , New Delhi"
P_29,Premium Luxury Home,"Premium Luxury Home,  Greater Kailash 1 , New Delhi"
P_30,New Delhi,"Janakpuri Block B1 , New Delhi"
P_31,Premium Builder Floors,"Premium Builder Floors,  Defence Colony , New Delhi"
P_32,DDA Flats Munirka,"DDA Flats Munirka,  Munirka , New Delhi"
P_33,DLF One Midtown,"DLF One Midtown,  Moti Nagar, Kirti Nagar , New Delhi"
P_34,DLF Capital Greens 1 and 2,"DLF Capital Greens 1 and 2,  Moti Nagar, Kirti Nagar , New Delhi"
P_35,DLF Capital Greens 1 and 2,"DLF Capital Greens 1 and 2, Moti Nagar, Kirti Nagar"
P_36,DDA Freedom Fighter Enclave,"DDA Freedom Fighter Enclave, Saket"
P_37,New Delhi,Alaknanda
P_38,New Delhi,"Kishangarh, Vasant Kunj"
P_39,New Delhi,Defence Colony
P_40,Veena Apartment,"Veena Apartment, Dwarka Sector 22"
P_41,Azad Hind Apartments,"Azad Hind Apartments, Dwarka Sector 9"
P_42,Emaar Project Commonwealth Games Village 2010,"Emaar Project Commonwealth Games Village 2010, Akshardham Temple"
P_43,New Delhi,Rohini Sector 24
P_44,Bhartiya Apartment,"Bhartiya Apartment, DS 19"
P_45,New Delhi,Lajpat Nagar 4
P_46,Veera Safdarjung Enclave,"Veera Safdarjung Enclave, Safdarjung Enclave"
P_47,New Delhi,Chittaranjan Park Block B
P_48,Saraswati Narmada Ganga Yamuna Apartment,"Saraswati Narmada Ganga Yamuna Apartment, Vasant Kunj Sector D"
P_49,New Delhi,Rohini Sector 20
P_50,TARC Tripundra,"TARC Tripundra, Bijwasan"
P_51,DLF Capital Greens 1 and 2,"DLF Capital Greens 1 and 2, New Moti Nagar, Kirti Nagar"
P_52,New Delhi,"Nehru Enclave, Kalkaji"
P_53,Phillips CGHS,"Phillips CGHS, Dwarka Sector 23"
P_54,Dream Apartments,"Dream Apartments, Dwarka Sector 22"
P_55,Roop Villa Apartment,"Roop Villa Apartment, DS 19"
P_56,Railway Apartment,"Railway Apartment, DS 19"
P_57,New Delhi,Chattarpur Extension
P_58,Sky Mansion By Risland,"Sky Mansion By Risland, Chhattarpur"
P_59,Godrej Prima,"Godrej Prima, Okhla Phase 1"
P_60,New Delhi,Dwarka Sector 4
P_61,New Delhi,Panchsheel Enclave
P_62,TARC Tripundra,"TARC Tripundra, Bijwasan"
P_63,AG1 Pocket Vikaspuri,"AG1 Pocket Vikaspuri, Vikaspuri"
P_64,Saraswati Narmada Ganga Yamuna Apartment,"Saraswati Narmada Ganga Yamuna Apartment, Vasant Kunj Sector D"
P_65,New Delhi,Alaknanda
P_66,New Delhi,"Kishangarh, Vasant Kunj"
P_67,New Delhi,Defence Colony
P_68,Veena Apartment,"Veena Apartment, Dwarka Sector 22"
P_69,Azad Hind Apartments,"Azad Hind Apartments, Dwarka Sector 9"
P_70,Emaar Project Commonwealth Games Village 2010,"Emaar Project Commonwealth Games Village 2010, Akshardham Temple"
P_71,New Delhi,Lajpat Nagar 4
P_72,Veera Safdarjung Enclave,"Veera Safdarjung Enclave, Safdarjung Enclave"
P_73,New Delhi,Chittaranjan Park Block B
P_74,New Delhi,Rohini Sector 20
P_75,TARC Tripundra,"TARC Tripundra, Bijwasan"
P_76,DLF Capital Greens 1 and 2,"DLF Capital Greens 1 and 2, New Moti Nagar, Kirti Nagar"
P_77,New Delhi,Chattarpur Extension
P_78,Sky Mansion By Risland,"Sky Mansion By Risland, Chhattarpur"
P_79,Godrej Prima,"Godrej Prima, Okhla Phase 1"
P_80,New Delhi,Dwarka Sector 4
P_81,Saraswati Narmada Ganga Yamuna Apartment,"Saraswati Narmada Ganga Yamuna Apartment, Vasant Kunj Sector D"
P_82,Parijat Apartment,"Parijat Apartment, Dwarka Sector 4"
P_83,Quetta Apartment,"Quetta Apartment, Dwarka Sector 22"
P_84,Krishna Residency,"Krishna Residency, Dwarka Sector 18A"
P_85,DDA Navniti Apartment,"DDA Navniti Apartment, Indraprastha Extension, Patparganj"
P_86,New Delhi,Chattarpur Enclave
P_87,Panchsheel Enclave,"Panchsheel Enclave, Panchsheel Park"
P_88,New Delhi,Dwarka Mor
P_89,Shanti Niketan,"Shanti Niketan, Moti Bagh"
P_90,Godrej Connaught One,"Godrej Connaught One, Connaught Place"
P_91,New Delhi,Uttam Nagar West
P_92,New Delhi,Mahavir Enclave
P_93,New Delhi,Chirag Delhi
P_94,DDA Flats Vasant Kunj,"DDA Flats Vasant Kunj, Vasant Kunj Sector A"
P_95,New Delhi,Chhattarpur
P_96,Vishwakarma Apartment,"Vishwakarma Apartment, Vasundhara Enclave"
P_97,Chandanwari Apartments,"Chandanwari Apartments, Dwarka Sector 10"
P_98,New Delhi,"Surya Niketan, Anand Vihar"
P_99,Him Hit Sadbhavna Apartments,"Him Hit Sadbhavna Apartments, Dwarka Sector 22"
P_100,New Delhi,Uttam Nagar West
P_101,New Delhi,Uttam Nagar
P_102,New Delhi,Sarvapriya Vihar
P_103,Godrej Connaught One,"Godrej Connaught One, Lady Hardinge Medical College, Connaught Place"
P_104,New Delhi,Vasant Vihar
P_105,New Delhi,Panchsheel Enclave
P_106,New Delhi,Dwarka Mor
P_107,New Delhi,"Rajpur Khurd Extension, Rajpur"
P_108,New Delhi,Uttam Nagar
P_109,TARC Tripundra,"TARC Tripundra, Bijwasan"
P_110,New Delhi,Govindpuri Main
P_111,Guru Apartment,"Guru Apartment, Dwarka Sector 6"
P_112,New Delhi,Chattarpur Enclave
P_113,Panchsheel Enclave,"Panchsheel Enclave, Panchsheel Park"
P_114,New Delhi,Dwarka Mor
P_115,Shanti Niketan,"Shanti Niketan, Moti Bagh"
P_116,New Delhi,Uttam Nagar West
P_117,New Delhi,Mahavir Enclave
P_118,New Delhi,Chirag Delhi
P_119,New Delhi,Uttam Nagar West
P_120,New Delhi,Uttam Nagar
P_121,New Delhi,Sarvapriya Vihar
P_122,Godrej Connaught One,"Godrej Connaught One, Lady Hardinge Medical College, Connaught Place"
P_123,New Delhi,Vasant Vihar
P_124,New Delhi,Panchsheel Enclave
P_125,New Delhi,Dwarka Mor
P_126,New Delhi,Govindpuri Main
P_127,Guru Apartment,"Guru Apartment, Dwarka Sector 6"
P_128,Godrej Connaught One,"Godrej Connaught One, Connaught Place"
P_129,DDA Dwarkadheesh Apartment,"DDA Dwarkadheesh Apartment, Dwarka Sector 12"
P_130,New Delhi,Preet Vihar
P_131,New Delhi,Rohini Sector 24
P_132,Vivek Apartment,"Vivek Apartment, Vikaspuri"
P_133,New Delhi,Uttam Nagar West
P_134,DDA Flats Munirka,"DDA Flats Munirka, Munirka"
P_135,New Delhi,Rohini Sector 9
P_136,New Delhi,Saket
P_137,New Delhi,Greater Kailash 1
P_138,Diamond Square,"Diamond Square, Dwarka Sector 6"
P_139,Engineers Apartment,"Engineers Apartment, Dwarka Sector 18"
P_140,New Delhi,Chhattarpur
P_141,New Delhi,Mahavir Enclave Part 3
P_142,Majestic Apartments,"Majestic Apartments, Dwarka Sector 18"
P_143,New Delhi,Paschim Vihar Block A2
P_144,New Delhi,"Ashoka Niketan, Anand Vihar"
P_145,New Delhi,Chittaranjan Park
P_146,New Delhi,Chattarpur Extension
P_147,New Delhi,Ashok Vihar Phase 1
P_148,Rama Park Apartment,"Rama Park Apartment, Dwarka Mor"
P_149,New Delhi,"Kiran Vihar, Anand Vihar"
P_150,SB Residency,"SB Residency, Dwarka Mor"
P_151,New Delhi,dda flats sarita vihar
P_152,New Delhi,Vasant Vihar
P_153,New Delhi,Panchsheel Park
P_154,Kesarwani Apartment,"Kesarwani Apartment, Dwarka Sector 5"
P_155,New Delhi,Lajpat Nagar 3
P_156,New Delhi,J Block-Saket
P_157,New Delhi,Preet Vihar
P_158,New Delhi,Rohini Sector 24
P_159,Vivek Apartment,"Vivek Apartment, Vikaspuri"
P_160,New Delhi,Uttam Nagar West
P_161,DDA Flats Munirka,"DDA Flats Munirka, Munirka"
P_162,New Delhi,Rohini Sector 9
P_163,New Delhi,Saket
P_164,New Delhi,Greater Kailash 1
P_165,New Delhi,Paschim Vihar Block A2
P_166,New Delhi,"Ashoka Niketan, Anand Vihar"
P_167,New Delhi,Chittaranjan Park
P_168,New Delhi,Chattarpur Extension
P_169,Rama Park Apartment,"Rama Park Apartment, Dwarka Mor"
P_170,New Delhi,"Kiran Vihar, Anand Vihar"
P_171,SB Residency,"SB Residency, Dwarka Mor"
P_172,Kesarwani Apartment,"Kesarwani Apartment, Dwarka Sector 5"
P_173,New Delhi,Lajpat Nagar 3
P_174,New Delhi,J Block-Saket
P_175,New Delhi,Preet Vihar
P_176,New Delhi,Greater Kailash 1
P_177,New Delhi,Saket
P_178,New Delhi,Chhattarpur
P_179,New Delhi,"Pochanpur Colony, Dwarka"
P_180,New Delhi,Dwarka Mor
P_181,New Delhi,South Extension 1
P_182,New Delhi,Janakpuri Block A1
P_183,New Delhi,"Civil Lines, VISHWA APARTMENTS"
P_184,New Delhi,Dwarka
P_185,New Delhi,East Of Kailash
P_186,DDA Flats Vasant Kunj,"DDA Flats Vasant Kunj, Vasant Kunj"
P_187,New Delhi,Inderpuri
P_188,New Delhi,Janakpuri Block B1
P_189,DLF Capital Greens 1 and 2,"DLF Capital Greens 1 and 2, New Moti Nagar, Kirti Nagar"
P_190,DDA KD Block,"DDA KD Block, Pitampura"
P_191,DDA Kohinoor Enclave,"DDA Kohinoor Enclave, Saket"
P_192,DDA Flats Munirka,"DDA Flats Munirka, Munirka"
P_193,DDA Sanskriti Apartments,"DDA Sanskriti Apartments, DS 19"
P_194,New Delhi,Mayur Vihar Phase 1 Extension
P_195,Rajouri Apartments,"Rajouri Apartments, Rajouri Garden"
P_196,Hauz Khas Apartment,"Hauz Khas Apartment, Hauz Khas"
P_197,Lamba Rohini Builder Floors,"Lamba Rohini Builder Floors, Rohini Sector 24"
P_198,Sree Badrinath Apartment,"Sree Badrinath Apartment, Dwarka Sector 28"
P_199,New Delhi,Greater Kailash 1
P_200,South Delhi Builder Floors,"South Delhi Builder Floors, Greater Kailash"
P_201,DLF One Midtown,"DLF One Midtown, Moti Nagar, Kirti Nagar"
P_202,Palm Green,"Palm Green, Palam Extension"
P_203,South Delhi Luxury Floors,"South Delhi Luxury Floors, Greater Kailash 2"
P_204,TARC Tripundra,"TARC Tripundra, Bijwasan"
P_205,New Delhi,Vasant Vihar
P_206,New Delhi,East Of Kailash
P_207,New Delhi,Janakpuri Block B1
P_208,DLF Capital Greens 1 and 2,"DLF Capital Greens 1 and 2, New Moti Nagar, Kirti Nagar"
P_209,DDA KD Block,"DDA KD Block, Pitampura"
P_210,Sree Badrinath Apartment,"Sree Badrinath Apartment, Dwarka Sector 28"
P_211,New Delhi,Greater Kailash 1
P_212,South Delhi Luxury Floors,"South Delhi Luxury Floors, Greater Kailash 2"
P_213,TARC Tripundra,"TARC Tripundra, Bijwasan"
P_214,New Delhi,Vasant Vihar
P_215,New Delhi,Dwarka
P_216,New Delhi,Dwarka Sector 4
P_217,Chandanwari Apartments,"Chandanwari Apartments, Dwarka Sector 10"
P_218,New Delhi,Dwarka Sector 19B
P_219,New Delhi,Govindpuri Main
P_220,DDA Residential Plots Sector XII,"DDA Residential Plots Sector XII, Dwarka Sector 12"
P_221,TARC Tripundra,"TARC Tripundra, Bijwasan"
P_222,Unity the Amaryllis,"Unity the Amaryllis, Karol Bagh"
P_223,Mangal Apartment,"Mangal Apartment, Vasundhara Enclave"
P_224,M2K Victoria Gardens,"M2K Victoria Gardens, Azadpur, Ring Road"
P_225,New Delhi,Vaishali
P_226,Parsvnath La Tropicana,"Parsvnath La Tropicana, Civil Lines"
P_227,New Delhi,Dwarka Mor
P_228,New Delhi,Rohini Sector 23
P_229,New Delhi,Rohini Sector 25
P_230,New Delhi,Uttam Nagar
P_231,United Friends Apartment,"United Friends Apartment, Dwarka Sector 6"
P_232,New Delhi,Rohini Sector 24
P_233,New Delhi,Rohini Sector 25
P_234,New Delhi,Anand Lok
P_235,New Delhi,Dwarka Mor
P_236,New Delhi,Janakpuri
P_237,CGHS Apoorva Apartments,"CGHS Apoorva Apartments, Dwarka Sector 5"
P_238,New Delhi,Rohini Sector 21
P_239,New Delhi,Rohini Sector 24
P_240,New Delhi,Rohini Sector 20
P_241,New Delhi,Vasant Kunj
P_242,Unity the Amaryllis,"Unity the Amaryllis, Dori Walan"
P_243,New Delhi,Paschim Vihar
P_244,New Delhi,Shanti Kunj
P_245,DDA Residential Plots Sector XII,"DDA Residential Plots Sector XII, Dwarka Sector 12"
P_246,TARC Tripundra,"TARC Tripundra, Bijwasan"
P_247,Unity the Amaryllis,"Unity the Amaryllis, Karol Bagh"
P_248,Mangal Apartment,"Mangal Apartment, Vasundhara Enclave"
P_249,New Delhi,Uttam Nagar
P_250,United Friends Apartment,"United Friends Apartment, Dwarka Sector 6"
P_251,New Delhi,Rohini Sector 24
P_252,New Delhi,Dwarka Mor
P_253,New Delhi,Janakpuri
P_254,CGHS Apoorva Apartments,"CGHS Apoorva Apartments, Dwarka Sector 5"
P_255,New Delhi,Paschim Vihar
P_256,New Delhi,Shanti Kunj
P_257,Panchsheel Enclave,"Panchsheel Enclave, Panchsheel Park"
P_258,New Delhi,Rohini Sector 25
P_259,DLF One Midtown,"DLF One Midtown, Moti Nagar, Kirti Nagar"
P_260,Greater Kailash Luxury Homes,"Greater Kailash Luxury Homes, Greater Kailash 1"
P_261,New Delhi,Rohini Sector 16
P_262,New Delhi,Rohini Sector 24
P_263,New Delhi,"Sarita Vihar, Mathura Road"
P_264,New Delhi,Green Park
P_265,New Delhi,Yamuna Vihar
P_266,New Delhi,Dwarka Mor
P_267,Godrej South Estate,"Godrej South Estate, Okhla Phase 1"
P_268,TARC Tripundra,"TARC Tripundra, Bijwasan"
P_269,New Friends Colony Floors,"New Friends Colony Floors, New Friends Colony"
P_270,New Delhi,Uttam Nagar West
P_271,New Delhi,Janakpuri
P_272,Unity the Amaryllis,"Unity the Amaryllis, Karol Bagh"
P_273,New Delhi,Tilak Nagar
P_274,New Delhi,Greater Kailash 1
P_275,DLF One Midtown,"DLF One Midtown, Moti Nagar, Kirti Nagar"
P_276,New Delhi,Dwarka Mor
P_277,New Delhi,Rohini Sector 25
P_278,New Delhi,Defence Colony
P_279,New Delhi,Uttam Nagar
P_280,New Delhi,Rohini Sector 3
P_281,New Delhi,Paschim Vihar Block B1
P_282,New Delhi,Jasola Vihar
P_283,Unity the Amaryllis,"Unity the Amaryllis, Karol Bagh"
P_284,New Delhi,Rohini Sector 21
P_285,RWA E 2 and F Block Lajpat Nagar 2,"RWA E 2 and F Block Lajpat Nagar 2, Lajpat Nagar"
P_286,Vasant Vihar Villa,"Vasant Vihar Villa, Vasant Vihar"
P_287,New Delhi,Green Park
P_288,New Delhi,Yamuna Vihar
P_289,New Friends Colony Floors,"New Friends Colony Floors, New Friends Colony"
P_290,New Delhi,Uttam Nagar West
P_291,New Delhi,Janakpuri
P_292,Unity the Amaryllis,"Unity the Amaryllis, Karol Bagh"
P_293,New Delhi,Rohini Sector 3
P_294,New Delhi,Paschim Vihar Block B1
P_295,New Delhi,Jasola Vihar
P_296,Unity the Amaryllis,"Unity the Amaryllis, Karol Bagh"
P_297,Vasant Vihar Villa,"Vasant Vihar Villa, Vasant Vihar"
P_298,Greater Kailash Luxury Homes,"Greater Kailash Luxury Homes, Greater Kailash"
P_299,New Delhi,Greater Kailash 1
P_300,Sarve Satyam Apartment,"Sarve Satyam Apartment, Dwarka Sector 4"
P_301,New Delhi,West Vinod Nagar
P_302,New India Apartment,"New India Apartment, Rohini Sector 9"
P_303,New Delhi,Rohini Sector 25
P_304,New Delhi,Uttam Nagar West
P_305,New Delhi,East Of Kailash
P_306,New Delhi,Vasant Kunj
P_307,New Delhi,Greater Kailash 1
P_308,Saini Builder Floors,"Saini Builder Floors, Uttam Nagar West"
P_309,New Delhi,Rohini Sector 24
P_310,DDA Atulya Apartment,"DDA Atulya Apartment, Dwarka Sector 18"
P_311,New Delhi,Green Park
P_312,Apna Villa Apartment,"Apna Villa Apartment, Dwarka Sector 10"
P_313,Raj Vihar Apartment,"Raj Vihar Apartment, Dwarka Sector 18"
P_314,Golf View Apartment,"Golf View Apartment, DS 19"
P_315,DDA Sanskriti Apartments,"DDA Sanskriti Apartments, DS 19"
P_316,Dream Apartments,"Dream Apartments, Dwarka Sector 22"
P_317,Mothers Apartment,"Mothers Apartment, Dwarka Sector 5"
P_318,New Delhi,Dwarka Sector 18B
P_319,New Delhi,Rohini Sector 21
P_320,Celestial Heights,"Celestial Heights, Dwarka Sector 2"
P_321,New Delhi,Safdarjung Enclave
P_322,New Delhi,Dwarka Sector 8
P_323,Sansad Vihar Apartment,"Sansad Vihar Apartment, Dwarka Sector 3"
P_324,Guru Apartment,"Guru Apartment, Dwarka Sector 6"
P_325,DDA Atulya Apartment,"DDA Atulya Apartment, Dwarka Sector 18"
P_326,New Delhi,"Ashoka Niketan, Anand Vihar"
P_327,New Delhi,Malviya Nagar
P_328,New Delhi,Vasant Kunj
P_329,New Delhi,Greater Kailash 1
P_330,Saini Builder Floors,"Saini Builder Floors, Uttam Nagar West"
P_331,New Delhi,Rohini Sector 24
P_332,Golf View Apartment,"Golf View Apartment, DS 19"
P_333,DDA Sanskriti Apartments,"DDA Sanskriti Apartments, DS 19"
P_334,Dream Apartments,"Dream Apartments, Dwarka Sector 22"
P_335,Sansad Vihar Apartment,"Sansad Vihar Apartment, Dwarka Sector 3"
P_336,Guru Apartment,"Guru Apartment, Dwarka Sector 6"
P_337,DDA Atulya Apartment,"DDA Atulya Apartment, Dwarka Sector 18"
P_338,New Delhi,Malviya Nagar
P_339,Vrindavan Dwarka,"Vrindavan Dwarka, Dwarka Sector 6"
P_340,DDA Residential Plots Sector VIII,"DDA Residential Plots Sector VIII, Bagdola, Dwarka"
P_341,Ashadeep Apartment,"Ashadeep Apartment, Dwarka Sector 2"
P_342,New Delhi,Uttam Nagar
P_343,New Delhi,"Khanpur, Madangir"
P_344,DDA Flats Sector E Pocket 1,"DDA Flats Sector E Pocket 1, Vasant Kunj"
P_345,New Delhi,"NaraVihar, Naraina"
P_346,Hamdam Apartment,"Hamdam Apartment, Dwarka Sector 18"
P_347,DLF One Midtown,"DLF One Midtown, New Moti Nagar, Kirti Nagar"
P_348,New Delhi,Paschim Vihar
P_349,Beverly Park Apartments,"Beverly Park Apartments, Dwarka Sector 22"
P_350,Ayudh Vihar,"Ayudh Vihar, Dwarka Sector 13"
P_351,Shivani Apartments,"Shivani Apartments, Dwarka Sector 12"
P_352,Best Paradise The Bhartiya,"Best Paradise The Bhartiya, Dwarka"
P_353,Roop Villa Apartment,"Roop Villa Apartment, DS 19"
P_354,Dream Apartments,"Dream Apartments, Dwarka Sector 22"
P_355,Gulistan Apartment,"Gulistan Apartment, Dwarka Sector 13"
P_356,Shri Siddhi Vinayak Homes,"Shri Siddhi Vinayak Homes, Dwarka Mor"
P_357,DDA Ekta Apartment,"DDA Ekta Apartment, Dwarka Sector 3"
P_358,New Delhi,Kalkaji
P_359,New Delhi,Chattarpur Enclave
P_360,New Delhi,"Kailash Colony, Greater Kailash"
P_361,New Delhi,"Maya Enclave, Hari Nagar"
P_362,New Delhi,Sarvodaya Enclave
P_363,Sahid Bhagat Singh Apartment,"Sahid Bhagat Singh Apartment, Dwarka Sector 14"
P_364,New Delhi,Anand Niketan Block A
P_365,New Delhi,Dwarka Mor
P_366,New Delhi,"Sunder Vihar, Paschim Vihar"
P_367,New Delhi,Dwarka Sector 18B
P_368,New Delhi,Greater Kailash 2
P_369,Beverly Park Apartments,"Beverly Park Apartments, Dwarka Sector 22"
P_370,Ayudh Vihar,"Ayudh Vihar, Dwarka Sector 13"
P_371,Shivani Apartments,"Shivani Apartments, Dwarka Sector 12"
P_372,New Delhi,Kalkaji
P_373,New Delhi,Chattarpur Enclave
P_374,New Delhi,"Kailash Colony, Greater Kailash"
P_375,New Delhi,Dwarka Sector 18B
P_376,New Delhi,Greater Kailash 2
P_377,New Delhi,"Nehru Enclave, Kalkaji"
P_378,DDA MIG Flats Pocket 6,"DDA MIG Flats Pocket 6, Dwarka Sector 12"
P_379,Ashadeep Apartment,"Ashadeep Apartment, Dwarka Sector 2"
P_380,New Delhi,Hauz Khas
P_381,Bhrigu Apartments,"Bhrigu Apartments, Dwarka Sector 9"
P_382,New Delhi,Chhattarpur
P_383,New Delhi,Jonapur
P_384,DDA Geetanjali Enclave Project,"DDA Geetanjali Enclave Project, Geetanjali Enclave, Malviya Nagar"
P_385,Chandanwari Apartments,"Chandanwari Apartments, Dwarka Sector 10"
P_386,New Delhi,Naraina Vihar
P_387,New Delhi,"Rajouri Garden Extension, Rajouri Garden"
P_388,New Delhi,Rohini Sector 25
P_389,New Delhi,Paschim Vihar Block B3
P_390,New Delhi,Kalkaji
P_391,New Delhi,Model Town Phase 2
P_392,CGHS Antariksh Apartments,"CGHS Antariksh Apartments, Dwarka"
P_393,New Delhi,Greater Kailash 1
P_394,New Delhi,Mahavir Enclave Part 1
P_395,New Delhi,"South Extension 2, South Ex 2"
P_396,Hauz Khas Apartment,"Hauz Khas Apartment, Hauz Khas"
P_397,New Delhi,Greater Kailash 2
P_398,New Delhi,Classic Apartments
P_399,New Delhi,Hari Nagar
P_400,New Delhi,Rohini Sector 16
P_401,Vasant Vihar Builder Floor,"Vasant Vihar Builder Floor, Vasant Vihar"
P_402,New Delhi,Safdarjung Enclave
P_403,JVTS Gardens,"JVTS Gardens, Chattarpur Extension"
P_404,New Delhi,Rohini Sector 24
P_405,New Delhi,Mahavir Enclave Part 1
P_406,New Delhi,ehrauli
P_407,New Delhi,Paschim Vihar Block B3
P_408,New Delhi,Kalkaji
P_409,New Delhi,Model Town Phase 2
P_410,New Delhi,Hari Nagar
P_411,New Delhi,Rohini Sector 16
P_412,Vasant Vihar Builder Floor,"Vasant Vihar Builder Floor, Vasant Vihar"
P_413,New Delhi,ehrauli
P_414,New Delhi,Dwarka Mor
P_415,New Delhi,Okhla
P_416,New Delhi,Pahar Ganj
P_417,Archana Apartment,"Archana Apartment, Paschim Vihar"
P_418,New Delhi,Uttam Nagar West
P_419,New Delhi,"NaraVihar, Naraina"
P_420,New Delhi,Rohini Sector 13
P_421,DDA Hill View Apartment,"DDA Hill View Apartment, Vasant Vihar"
P_422,New Delhi,Paschim Vihar
P_423,New Delhi,Vasant Kunj Sector B
P_424,New Delhi,Dashrathpuri
P_425,New Delhi,"Rajpur Khurd Extension, Rajpur"
P_426,New Delhi,"Sainik Nagar, Uttam Nagar"
P_427,New Delhi,"Lalita Park, Laxmi Nagar"
P_428,New Delhi,Dwarka Mor
P_429,New Delhi,"New Mahavir Nagar, Tilak Nagar"
P_430,Kings Bury Apartment,"Kings Bury Apartment, GT Karnal Road"
P_431,New Delhi,Dwarka Mor
P_432,New Delhi,Hari Nagar
P_433,New Delhi,Dwarka Sector 17
P_434,New Delhi,Nizamuddeast market
P_435,New Delhi,"Gagan Vihar, Krishna Nagar"
P_436,New Delhi,"Amar Colony, Lajpat Nagar"
P_437,DDA Ganga Apartment Sector D Pocket 6,"DDA Ganga Apartment Sector D Pocket 6, Vasant Kunj"
P_438,New Delhi,Rohini Sector 16
P_439,New Delhi,Krishna Nagar-Safdarjung Enclave
P_440,DDA Flats Sarita Vihar Pocket J,"DDA Flats Sarita Vihar Pocket J, Sarita Vihar Pocket J"
P_441,New Delhi,"New Kondli, Kondli"
P_442,New Delhi,Kakrola
P_443,Parijat Apartment,"Parijat Apartment, Dwarka Sector 4"
P_444,Kings Bury Apartment,"Kings Bury Apartment, GT Karnal Road"
P_445,New Delhi,Dwarka Mor
P_446,New Delhi,Hari Nagar
P_447,New Delhi,"New Kondli, Kondli"
P_448,New Delhi,Kakrola
P_449,Parijat Apartment,"Parijat Apartment, Dwarka Sector 4"
P_450,Udap Colony,"Udap Colony, Uday Park, South Extension"
P_451,New Delhi,"Patel Nagar South, Patel Nagar"
P_452,New Delhi,Defence Colony
P_453,New Delhi,Shalimar bagh
P_454,New Delhi,Uttam Nagar
P_455,New Delhi,Dwarka Sector 19B
P_456,New Delhi,Freedom Fighters Enclave
P_457,Rani Jhansi Kunj,"Rani Jhansi Kunj, Keshav Puram, Tri Nagar"
P_458,New Delhi,Uttam Nagar West
P_459,New Delhi,"Mehrauli Village, Mehrauli"
P_460,DDA Lig Flats,"DDA Lig Flats, Narela"
P_461,New Delhi,"Shahpur Jat, Siri Fort"
P_462,New Delhi,"Ajay Enclave, Ashok Nagar"
P_463,New Delhi,Wazirabad
P_464,New Delhi,"Nanak Pura, Hari Nagar"
P_465,New Delhi,"Shiv Nagar, Janakpuri"
P_466,New Delhi,Shakti Nagar
P_467,DDA SFS Flats Pocket A,"DDA SFS Flats Pocket A, Mayur Vihar 3"
P_468,DDA Flats Sarita Vihar,"DDA Flats Sarita Vihar, Sarita Vihar, Mathura Road"
P_469,New Delhi,GTB Enclave
P_470,New Delhi,"Rajpur Khurd Extension, Rajpur"
P_471,New Delhi,Rohini Sector 17
P_472,New Delhi,"Janak Park, Hari Nagar"
P_473,New Delhi,Uttam Nagar
P_474,New Delhi,Rohini Sector 7
P_475,New Delhi,Poorvi Pitampura
P_476,New Delhi,"Prakash Mohalla, East of Kailash"
P_477,New Delhi,Burari
P_478,New Delhi,Vikaspuri
P_479,New Delhi,Punjabi Bagh
P_480,New Delhi,Shakti Nagar
P_481,DDA SFS Flats Pocket A,"DDA SFS Flats Pocket A, Mayur Vihar 3"
P_482,DDA Flats Sarita Vihar,"DDA Flats Sarita Vihar, Sarita Vihar, Mathura Road"
P_483,New Delhi,"Prakash Mohalla, East of Kailash"
P_484,New Delhi,Burari
P_485,New Delhi,Vikaspuri
P_486,New Delhi,Punjabi Bagh
P_487,Ansals Laxmi Deep,"Ansals Laxmi Deep, Laxmi Nagar District Centre, Laxmi Nagar"
P_488,New Delhi,"Krishna Nagar East, Krishna Nagar"
P_489,New Delhi,Dwaraka More
P_490,New Delhi,Anarkali Colony South
P_491,New Delhi,Chhattarpur
P_492,New Delhi,Rohini Sector 23
P_493,New Delhi,Rohini Sector 17
P_494,New Delhi,Mahavir Enclave
P_495,New Delhi,Mahavir Enclave Part 1
P_496,New Delhi,Kalkaji Extension
P_497,New Delhi,Dwarka Mor
P_498,New Delhi,Janakpuri
P_499,New Delhi,Molarband
P_500,Laxmi Silver Park,"Laxmi Silver Park, Krishna Nagar"
P_501,Lamba New Rohini Builder Floors,"Lamba New Rohini Builder Floors, Rohini Sector 25"
P_502,New Delhi,Shastri Nagar Block A
P_503,New Delhi,Vikaspuri
P_504,New Delhi,Rohini Sector 16
P_505,New Delhi,"Krishan Kunj, Laxmi Nagar"
P_506,New Delhi,Kirti Nagar
P_507,New Delhi,Uttam Nagar
P_508,New Delhi,Vikaspuri
P_509,Godrej South Estate,"Godrej South Estate, Okhla"
P_510,Ganga Duplex,"Ganga Duplex, Vasant Kunj"
P_511,New Delhi,Gorakh Park West
P_512,New Delhi,"Saraswati Garden, Ramesh Nagar"
P_513,New Delhi,Vasant Kunj
P_514,New Delhi,Vivek Vihar
P_515,New Delhi,Tigri
P_516,New Delhi,Rohini Sector 22
P_517,New Delhi,"Krishan Kunj, Laxmi Nagar"
P_518,New Delhi,Bhajanpura
P_519,New Delhi,Rohini Sector 24
P_520,New Delhi,"Raj Nagar 2, New Delhi"
P_521,New Delhi,Aya Nagar
P_522,New Delhi,Punjabi Bagh West
P_523,New Delhi,Rohini Sector 34
P_524,New Delhi,Malviya Nagar
P_525,New Delhi,Mahavir Enclave Part 1
P_526,New Delhi,"Panchsheel Vihar, Sheikh Sarai"
P_527,New Delhi,Malviya Nagar
P_528,New Delhi,Janakpuri
P_529,New Delhi,"Saraswati Garden, Ramesh Nagar"
P_530,New Delhi,"Nangal Raya, Janakpuri"
P_531,New Delhi,Shastri Nagar
P_532,New Delhi,Mayur Vihar 1
P_533,New Delhi,Janakpuri Block B1
P_534,New Delhi,Dronacharya cghs limited mayur vihar phase 1
P_535,New Delhi,"Chanakya Place 1, Sitapuri"
P_536,New Delhi,"Naveen Shahdara, Shahdara"
P_537,New Delhi,Saiyad ul Ajaib
P_538,New Delhi,"Kilokri, Sunlight Colony"
P_539,New Delhi,Rani Bagh
P_540,New Delhi,West Vinod Nagar
P_541,New Delhi,Janakpuri Block A1
P_542,New Delhi,Laxmi Nagar
P_543,Soochana Apartment,"Soochana Apartment, Vasundhara Enclave"
P_544,National Apartment,"National Apartment, Dwarka Sector 3"
P_545,New Delhi,Sector  7
P_546,New Delhi,Karol Bagh
P_547,New Delhi,Vikaspuri
P_548,New Delhi,Rani Bagh
P_549,New Delhi,Dashrathpuri
P_550,New Delhi,Burari
P_551,New Delhi,mangal Apts vasundhara Enclave delhi
P_552,New Delhi,"Paryavaran Complex, Sainik Farm"
P_553,New Delhi,Rohini Sector 21
P_554,New Delhi,Janakpuri Block C3
P_555,New Delhi,Ber Sarai
P_556,New Delhi,"New Moti Nagar, Kirti Nagar"
P_557,New Delhi,Paschim Vihar
P_558,New Delhi,"Old Rajendra Nagar, Rajinder Nagar"
P_559,New Delhi,"Dabri Extension East, Dabri"
P_560,New Delhi,D Block Janakpuri
P_561,DDA Maheshwari Apartment,"DDA Maheshwari Apartment, Rohini Sector 14"
P_562,DDA Pocket B,"DDA Pocket B, Dilshad Garden"
P_563,New Delhi,Siri Fort Road
P_564,DDA GH 4 Rohini,"DDA GH 4 Rohini, Rohini Sector 28"
P_565,New Delhi,New Friends Colony
P_566,New Delhi,Jasola
P_567,New Delhi,Mahavir Enclave Part 1
P_568,DDA MIG Flats Pocket F,"DDA MIG Flats Pocket F, GTB Enclave"
P_569,New Delhi,"St Nagar Burari, Burari"
P_570,New Delhi,Virender Nagar
P_571,New Delhi,Inder Enclave
P_572,New Delhi,Civil Lines
P_573,New Delhi,"Jahangirpuri Industrial Area, Jhangir Puri"
P_574,New Delhi,Faridabad Gurgaon Road
P_575,New Delhi,"Mohan Nagar, Sagarpur"
P_576,New Delhi,"Uttam Nagar East, Uttam Nagar"
P_577,New Delhi,Rohini Sector 11
P_578,New Delhi,"Uttam Nagar East, Uttam Nagar"
P_579,New Delhi,Faridabad Gurgaon Road
P_580,New Delhi,"Mohan Nagar, Sagarpur"
P_581,New Delhi,"Uttam Nagar East, Uttam Nagar"
P_582,New Delhi,"Uttam Nagar East, Uttam Nagar"
P_583,DDA Flats,"DDA Flats, New Ranjit Nagar"
P_584,New Delhi,"Mohan Garden, Razapur Khurd"
P_585,New Delhi,New Friends Colony
P_586,New Delhi,"Vikram Vihar, Lajpat Nagar"
P_587,New Delhi,Defence Colony
P_588,New Delhi,JaColony
P_589,New Delhi,"Vishwakarma Colony, Mehrauli Badarpur Road"
P_590,New Delhi,Mahavir Enclave Part 1
P_591,New Delhi,"Vigyan Lok, Anand Vihar"
P_592,New Delhi,Pankha Road
P_593,New Delhi,Shastri Nagar
P_594,New Delhi,PUSA Road
P_595,New Delhi,"Kiran Garden, Uttam Nagar"
P_596,New Delhi,Hari Nagar
P_597,New Delhi,"Indira Vihar, Mukherjee Nagar"
P_598,New Delhi,"Mohan Garden, Razapur Khurd"
P_599,New Delhi,Kalu Sarai
P_600,New Delhi,"Amar Colony, Lajpat Nagar"
P_601,New Delhi,Uttam Nagar
P_602,New Delhi,"New Mahavir Nagar, Tilak Nagar"
P_603,New Delhi,Shalimar Bagh West Block BW
P_604,New Delhi,"Rajpur Khurd Extension, Rajpur"
P_605,DDA Janta Flats,"DDA Janta Flats, Tri Nagar"
P_606,New Delhi,Dwarka
P_607,New Delhi,"Sagarpur West, Sagarpur"
P_608,New Delhi,Sultanpur Extension
P_609,New Delhi,Dwarka Sector 1
P_610,New Delhi,Kalkaji
P_611,New Delhi,Dayanand Colony
P_612,AG1 Pocket Vikaspuri,"AG1 Pocket Vikaspuri, Vikaspuri Block A"
P_613,New Delhi,Dwarka
P_614,New Delhi,Sultanpur Extension
P_615,New Delhi,Dwarka Sector 1
P_616,AG1 Pocket Vikaspuri,"AG1 Pocket Vikaspuri, Vikaspuri Block A"
P_617,New Delhi,Mahavir Enclave Part 2
P_618,New Delhi,Mayur Vihar Phase 1 Extension
P_619,New Delhi,Model Town Phase 2
P_620,New Delhi,GTB Enclave
P_621,DDA Flat AD Block,"DDA Flat AD Block, Shalimar Bagh AD Block"
P_622,New Delhi,Vikaspuri Block J
P_623,New Delhi,Janakpuri Block A2
P_624,New Delhi,"Dabri Extension, Dabri"
P_625,New Delhi,Tilak Nagar
P_626,New Delhi,Rajouri Garden
P_627,New Delhi,Rohini Sector 7
P_628,New Delhi,Chirag Delhi
P_629,Pawittra Apartment,"Pawittra Apartment, Vasundhara Enclave"
P_630,New Delhi,Krishna Nagar
P_631,D7 Vasant Kunj Apartment,"D7 Vasant Kunj Apartment, Vasant Kunj"
P_632,New Delhi,Rohini Sector 7
P_633,New Delhi,Bamnoli
P_634,New Delhi,"Hudson Lane, GTB Nagar"
P_635,New Delhi,Budh Vihar
P_636,New Delhi,Ram Nagar
P_637,New Delhi,Mahavir Enclave Part 1
P_638,DDA Qutab View Appartment,"DDA Qutab View Appartment, Katwaria Sarai"
P_639,New Delhi,Vikaspuri
P_640,New Delhi,Rohini Sector 7
P_641,Prayag Apartments,"Prayag Apartments, Vasundhara Enclave"
P_642,New Delhi,New Friends Colony
P_643,New Delhi,Adarsh Nagar
P_644,New Delhi,"Sriniwaspuri Extension, Sri Niwaspuri"
P_645,New Delhi,"Rana Pratap Bagh, Ashok Vihar North"
P_646,The Shabad Apartment,"The Shabad Apartment, Dwarka Sector 13"
P_647,The Shabad Apartment,"The Shabad Apartment, Dwarka Sector 13"
P_648,DDA Indraprastha Apartment,"DDA Indraprastha Apartment, Dwarka Sector 12"
P_649,New Delhi,Uttam Nagar
P_650,True Friends Apartments,"True Friends Apartments, Dwarka Sector 6"
P_651,DDA LIG Flat Mayur Vihar PH 3,"DDA LIG Flat Mayur Vihar PH 3, Mayur Vihar 3"
P_652,New Delhi,Freedom Fighters Enclave
P_653,New Delhi,Rangpuri
P_654,New Delhi,Mahavir Enclave
P_655,SBI Enclave,"SBI Enclave, Vikaspuri"
P_656,DDA Flats,"DDA Flats, Katwaria Sarai"
P_657,New Delhi,Hari Nagar
P_658,New Delhi,"Masjid Moth, Greater Kailash"
P_659,New Delhi,Manasarover Garden
P_660,New Delhi,"Jeevan Park, Bindapur"
P_661,New Delhi,Raja Puri
P_662,New Delhi,Nangloi
P_663,DLF Midtown Plaza,"DLF Midtown Plaza, Karam Pura"
P_664,New Delhi,Shahdara
P_665,New Delhi,"Tagore Garden, Rajouri Garden, Najafgarh Road"
P_666,New Delhi,Chattarpur
P_667,New Delhi,Raj Nagar 2
P_668,New Delhi,Patparganj
P_669,Ashiyana Apartment,"Ashiyana Apartment, Mayur Vihar 1"
P_670,New Delhi,Malviya Nagar
P_671,New Delhi,Janakpuri Block C3
P_672,New Delhi,Tigri
P_673,New Delhi,Vasant Kunj Sector D
P_674,New Delhi,Krishna Park
P_675,New Delhi,Green Park Extension
P_676,Gupta Plaza,"Gupta Plaza, Kalkaji"
P_677,New Delhi,New Rajendra Nagar
P_678,Farm Side Apartments,"Farm Side Apartments,  Chhattarpur , New Delhi"
P_679,Buildwick Corner Homes,"Buildwick Corner Homes,  Chhattarpur , New Delhi"
P_680,Premium Builder Floors,"Premium Builder Floors,  Defence Colony , New Delhi"
P_681,Luxury Builder Floor,"Luxury Builder Floor,  Greater Kailash 2 , New Delhi"
P_682,New Delhi,", New Delhi"
P_683,New Delhi,"Rohini Sector 24 , New Delhi"
P_684,New Delhi,"Chhattarpur , New Delhi"
P_685,Manglik Apartment,"Manglik Apartment,  Dwarka Sector 6 , New Delhi"
P_686,New Delhi,"Rohini Sector 21 , New Delhi"
P_687,New Delhi,"Dwarka Mor , New Delhi"
P_688,New Delhi,"Dwarka Mor , New Delhi"
P_689,New Delhi,"Dwarka Sector 4 , New Delhi"
P_690,Jangpura B,"Jangpura B,  Jangpura B, Jangpura , New Delhi"
P_691,New Delhi,"Greater Kailash 1 , New Delhi"
P_692,TARC Tripundra,"TARC Tripundra,  Bijwasan , New Delhi"
P_693,New Delhi,"Panchsheel Park , New Delhi"
P_694,New Delhi,"Vasant Vihar , New Delhi"
P_695,New Delhi,"Greater Kailash 1 , New Delhi"
P_696,New Delhi,"Karam Pura , New Delhi"
P_697,Godrej South Estate,"Godrej South Estate,  Okhla , New Delhi"
P_698,DDA Flats Munirka,"DDA Flats Munirka,  Munirka , New Delhi"
P_699,DLF One Midtown,"DLF One Midtown,  Moti Nagar, Kirti Nagar , New Delhi"
P_700,DLF Capital Greens 1 and 2,"DLF Capital Greens 1 and 2,  Moti Nagar, Kirti Nagar , New Delhi"
P_701,Skyom Apartment,"Skyom Apartment,  Mahavir Enclave , New Delhi"
P_702,Mitya Homes,"Mitya Homes,  Dwarka Mor , New Delhi"
P_703,Luxury Builder Floor,"Luxury Builder Floor,  Greater Kailash 1 , New Delhi"
P_704,HCS Nature Plus,"HCS Nature Plus,  Chhattarpur , New Delhi"
P_705,Premium Home,"Premium Home,  Greater Kailash 1 , New Delhi"
P_706,Premium Luxury Home,"Premium Luxury Home,  Greater Kailash 1 , New Delhi"
P_707,New Delhi,"Janakpuri Block B1 , New Delhi"
P_708,DLF Capital Greens 1 and 2,"DLF Capital Greens 1 and 2, Moti Nagar, Kirti Nagar"
P_709,DDA Freedom Fighter Enclave,"DDA Freedom Fighter Enclave, Saket"
P_710,New Delhi,Alaknanda
P_711,New Delhi,"Kishangarh, Vasant Kunj"
P_712,New Delhi,Defence Colony
P_713,Veena Apartment,"Veena Apartment, Dwarka Sector 22"
P_714,Azad Hind Apartments,"Azad Hind Apartments, Dwarka Sector 9"
P_715,Emaar Project Commonwealth Games Village 2010,"Emaar Project Commonwealth Games Village 2010, Akshardham Temple"
P_716,New Delhi,Rohini Sector 24
P_717,Bhartiya Apartment,"Bhartiya Apartment, DS 19"
P_718,New Delhi,Lajpat Nagar 4
P_719,Veera Safdarjung Enclave,"Veera Safdarjung Enclave, Safdarjung Enclave"
P_720,New Delhi,Chittaranjan Park Block B
P_721,Saraswati Narmada Ganga Yamuna Apartment,"Saraswati Narmada Ganga Yamuna Apartment, Vasant Kunj Sector D"
P_722,New Delhi,Rohini Sector 20
P_723,TARC Tripundra,"TARC Tripundra, Bijwasan"
P_724,DLF Capital Greens 1 and 2,"DLF Capital Greens 1 and 2, New Moti Nagar, Kirti Nagar"
P_725,New Delhi,"Nehru Enclave, Kalkaji"
P_726,Phillips CGHS,"Phillips CGHS, Dwarka Sector 23"
P_727,Dream Apartments,"Dream Apartments, Dwarka Sector 22"
P_728,Roop Villa Apartment,"Roop Villa Apartment, DS 19"
P_729,Railway Apartment,"Railway Apartment, DS 19"
P_730,New Delhi,Chattarpur Extension
P_731,Sky Mansion By Risland,"Sky Mansion By Risland, Chhattarpur"
P_732,Godrej Prima,"Godrej Prima, Okhla Phase 1"
P_733,New Delhi,Dwarka Sector 4
P_734,New Delhi,Panchsheel Enclave
P_735,TARC Tripundra,"TARC Tripundra, Bijwasan"
P_736,AG1 Pocket Vikaspuri,"AG1 Pocket Vikaspuri, Vikaspuri"
P_737,Saraswati Narmada Ganga Yamuna Apartment,"Saraswati Narmada Ganga Yamuna Apartment, Vasant Kunj Sector D"
P_738,Parijat Apartment,"Parijat Apartment, Dwarka Sector 4"
P_739,Quetta Apartment,"Quetta Apartment, Dwarka Sector 22"
P_740,Krishna Residency,"Krishna Residency, Dwarka Sector 18A"
P_741,DDA Navniti Apartment,"DDA Navniti Apartment, Indraprastha Extension, Patparganj"
P_742,New Delhi,Chattarpur Enclave
P_743,Panchsheel Enclave,"Panchsheel Enclave, Panchsheel Park"
P_744,New Delhi,Dwarka Mor
P_745,Shanti Niketan,"Shanti Niketan, Moti Bagh"
P_746,Godrej Connaught One,"Godrej Connaught One, Connaught Place"
P_747,New Delhi,Uttam Nagar West
P_748,New Delhi,Mahavir Enclave
P_749,New Delhi,Chirag Delhi
P_750,DDA Flats Vasant Kunj,"DDA Flats Vasant Kunj, Vasant Kunj Sector A"
P_751,New Delhi,Chhattarpur
P_752,Vishwakarma Apartment,"Vishwakarma Apartment, Vasundhara Enclave"
P_753,Chandanwari Apartments,"Chandanwari Apartments, Dwarka Sector 10"
P_754,New Delhi,"Surya Niketan, Anand Vihar"
P_755,Him Hit Sadbhavna Apartments,"Him Hit Sadbhavna Apartments, Dwarka Sector 22"
P_756,New Delhi,Uttam Nagar West
P_757,New Delhi,Uttam Nagar
P_758,New Delhi,Sarvapriya Vihar
P_759,Godrej Connaught One,"Godrej Connaught One, Lady Hardinge Medical College, Connaught Place"
P_760,New Delhi,Vasant Vihar
P_761,New Delhi,Panchsheel Enclave
P_762,New Delhi,Dwarka Mor
P_763,New Delhi,"Rajpur Khurd Extension, Rajpur"
P_764,New Delhi,Uttam Nagar
P_765,TARC Tripundra,"TARC Tripundra, Bijwasan"
P_766,New Delhi,Govindpuri Main
P_767,Guru Apartment,"Guru Apartment, Dwarka Sector 6"
P_768,Godrej Connaught One,"Godrej Connaught One, Connaught Place"
P_769,DDA Dwarkadheesh Apartment,"DDA Dwarkadheesh Apartment, Dwarka Sector 12"
P_770,New Delhi,Preet Vihar
P_771,New Delhi,Rohini Sector 24
P_772,Vivek Apartment,"Vivek Apartment, Vikaspuri"
P_773,New Delhi,Uttam Nagar West
P_774,DDA Flats Munirka,"DDA Flats Munirka, Munirka"
P_775,New Delhi,Rohini Sector 9
P_776,New Delhi,Saket
P_777,New Delhi,Greater Kailash 1
P_778,Diamond Square,"Diamond Square, Dwarka Sector 6"
P_779,Engineers Apartment,"Engineers Apartment, Dwarka Sector 18"
P_780,New Delhi,Chhattarpur
P_781,New Delhi,Mahavir Enclave Part 3
P_782,Majestic Apartments,"Majestic Apartments, Dwarka Sector 18"
P_783,New Delhi,Paschim Vihar Block A2
P_784,New Delhi,"Ashoka Niketan, Anand Vihar"
P_785,New Delhi,Chittaranjan Park
P_786,New Delhi,Chattarpur Extension
P_787,New Delhi,Ashok Vihar Phase 1
P_788,Rama Park Apartment,"Rama Park Apartment, Dwarka Mor"
P_789,New Delhi,"Kiran Vihar, Anand Vihar"
P_790,SB Residency,"SB Residency, Dwarka Mor"
P_791,New Delhi,dda flats sarita vihar
P_792,New Delhi,Vasant Vihar
P_793,New Delhi,Panchsheel Park
P_794,Kesarwani Apartment,"Kesarwani Apartment, Dwarka Sector 5"
P_795,New Delhi,Lajpat Nagar 3
P_796,New Delhi,J Block-Saket
P_797,New Delhi,Preet Vihar
P_798,New Delhi,Greater Kailash 1
P_799,New Delhi,Saket
P_800,New Delhi,Chhattarpur
P_801,New Delhi,"Pochanpur Colony, Dwarka"
P_802,New Delhi,Dwarka Mor
P_803,New Delhi,South Extension 1
P_804,New Delhi,Janakpuri Block A1
P_805,New Delhi,"Civil Lines, VISHWA APARTMENTS"
P_806,New Delhi,Dwarka
P_807,New Delhi,East Of Kailash
P_808,DDA Flats Vasant Kunj,"DDA Flats Vasant Kunj, Vasant Kunj"
P_809,New Delhi,Inderpuri
P_810,New Delhi,Janakpuri Block B1
P_811,DLF Capital Greens 1 and 2,"DLF Capital Greens 1 and 2, New Moti Nagar, Kirti Nagar"
P_812,DDA KD Block,"DDA KD Block, Pitampura"
P_813,DDA Kohinoor Enclave,"DDA Kohinoor Enclave, Saket"
P_814,DDA Flats Munirka,"DDA Flats Munirka, Munirka"
P_815,DDA Sanskriti Apartments,"DDA Sanskriti Apartments, DS 19"
P_816,New Delhi,Mayur Vihar Phase 1 Extension
P_817,Rajouri Apartments,"Rajouri Apartments, Rajouri Garden"
P_818,Hauz Khas Apartment,"Hauz Khas Apartment, Hauz Khas"
P_819,Lamba Rohini Builder Floors,"Lamba Rohini Builder Floors, Rohini Sector 24"
P_820,Sree Badrinath Apartment,"Sree Badrinath Apartment, Dwarka Sector 28"
P_821,New Delhi,Greater Kailash 1
P_822,South Delhi Builder Floors,"South Delhi Builder Floors, Greater Kailash"
P_823,DLF One Midtown,"DLF One Midtown, Moti Nagar, Kirti Nagar"
P_824,Palm Green,"Palm Green, Palam Extension"
P_825,South Delhi Luxury Floors,"South Delhi Luxury Floors, Greater Kailash 2"
P_826,TARC Tripundra,"TARC Tripundra, Bijwasan"
P_827,New Delhi,Vasant Vihar
P_828,New Delhi,Dwarka
P_829,New Delhi,Dwarka Sector 4
P_830,New Delhi,Dwarka Sector 19B
P_831,New Delhi,Govindpuri Main
P_832,DDA Residential Plots Sector XII,"DDA Residential Plots Sector XII, Dwarka Sector 12"
P_833,TARC Tripundra,"TARC Tripundra, Bijwasan"
P_834,Unity the Amaryllis,"Unity the Amaryllis, Karol Bagh"
P_835,Mangal Apartment,"Mangal Apartment, Vasundhara Enclave"
P_836,M2K Victoria Gardens,"M2K Victoria Gardens, Azadpur, Ring Road"
P_837,New Delhi,Vaishali
P_838,Parsvnath La Tropicana,"Parsvnath La Tropicana, Civil Lines"
P_839,New Delhi,Dwarka Mor
P_840,New Delhi,Rohini Sector 23
P_841,New Delhi,Rohini Sector 25
P_842,New Delhi,Uttam Nagar
P_843,United Friends Apartment,"United Friends Apartment, Dwarka Sector 6"
P_844,New Delhi,Rohini Sector 24
P_845,New Delhi,Rohini Sector 25
P_846,New Delhi,Anand Lok
P_847,New Delhi,Dwarka Mor
P_848,New Delhi,Janakpuri
P_849,CGHS Apoorva Apartments,"CGHS Apoorva Apartments, Dwarka Sector 5"
P_850,New Delhi,Rohini Sector 21
P_851,New Delhi,Rohini Sector 24
P_852,New Delhi,Rohini Sector 20
P_853,New Delhi,Vasant Kunj
P_854,Unity the Amaryllis,"Unity the Amaryllis, Dori Walan"
P_855,New Delhi,Paschim Vihar
P_856,Panchsheel Enclave,"Panchsheel Enclave, Panchsheel Park"
P_857,New Delhi,Rohini Sector 25
P_858,DLF One Midtown,"DLF One Midtown, Moti Nagar, Kirti Nagar"
P_859,Greater Kailash Luxury Homes,"Greater Kailash Luxury Homes, Greater Kailash 1"
P_860,New Delhi,Rohini Sector 16
P_861,New Delhi,Rohini Sector 24
P_862,New Delhi,Green Park
P_863,New Delhi,Dwarka Mor
P_864,Godrej South Estate,"Godrej South Estate, Okhla Phase 1"
P_865,TARC Tripundra,"TARC Tripundra, Bijwasan"
P_866,New Friends Colony Floors,"New Friends Colony Floors, New Friends Colony"
P_867,New Delhi,Uttam Nagar West
P_868,New Delhi,Janakpuri
P_869,Unity the Amaryllis,"Unity the Amaryllis, Karol Bagh"
P_870,New Delhi,Tilak Nagar
P_871,New Delhi,Greater Kailash 1
P_872,DLF One Midtown,"DLF One Midtown, Moti Nagar, Kirti Nagar"
P_873,New Delhi,Dwarka Mor
P_874,New Delhi,Rohini Sector 25
P_875,New Delhi,Defence Colony
P_876,New Delhi,Uttam Nagar
P_877,New Delhi,Rohini Sector 3
P_878,New Delhi,Paschim Vihar Block B1
P_879,New Delhi,Jasola Vihar
P_880,Unity the Amaryllis,"Unity the Amaryllis, Karol Bagh"
P_881,New Delhi,Rohini Sector 21
P_882,RWA E 2 and F Block Lajpat Nagar 2,"RWA E 2 and F Block Lajpat Nagar 2, Lajpat Nagar"
P_883,Vasant Vihar Villa,"Vasant Vihar Villa, Vasant Vihar"
P_884,Greater Kailash Luxury Homes,"Greater Kailash Luxury Homes, Greater Kailash"
P_885,New Delhi,Greater Kailash 1
P_886,Sarve Satyam Apartment,"Sarve Satyam Apartment, Dwarka Sector 4"
P_887,New Delhi,West Vinod Nagar
P_888,New India Apartment,"New India Apartment, Rohini Sector 9"
P_889,New Delhi,Rohini Sector 25
P_890,New Delhi,Uttam Nagar West
P_891,New Delhi,Vasant Kunj
P_892,New Delhi,Greater Kailash 1
P_893,Saini Builder Floors,"Saini Builder Floors, Uttam Nagar West"
P_894,New Delhi,Rohini Sector 24
P_895,New Delhi,Green Park
P_896,Raj Vihar Apartment,"Raj Vihar Apartment, Dwarka Sector 18"
P_897,Golf View Apartment,"Golf View Apartment, DS 19"
P_898,Dream Apartments,"Dream Apartments, Dwarka Sector 22"
P_899,Mothers Apartment,"Mothers Apartment, Dwarka Sector 5"
P_900,New Delhi,Dwarka Sector 18B
P_901,New Delhi,Rohini Sector 21
P_902,Celestial Heights,"Celestial Heights, Dwarka Sector 2"
P_903,New Delhi,Safdarjung Enclave
P_904,New Delhi,Dwarka Sector 8
P_905,Sansad Vihar Apartment,"Sansad Vihar Apartment, Dwarka Sector 3"
P_906,Guru Apartment,"Guru Apartment, Dwarka Sector 6"
P_907,DDA Atulya Apartment,"DDA Atulya Apartment, Dwarka Sector 18"
P_908,New Delhi,"Ashoka Niketan, Anand Vihar"
P_909,New Delhi,Malviya Nagar
P_910,Vrindavan Dwarka,"Vrindavan Dwarka, Dwarka Sector 6"
P_911,DDA Residential Plots Sector VIII,"DDA Residential Plots Sector VIII, Bagdola, Dwarka"
P_912,New Delhi,Uttam Nagar
P_913,New Delhi,"Khanpur, Madangir"
P_914,DDA Flats Sector E Pocket 1,"DDA Flats Sector E Pocket 1, Vasant Kunj"
P_915,New Delhi,"NaraVihar, Naraina"
P_916,Hamdam Apartment,"Hamdam Apartment, Dwarka Sector 18"
P_917,DLF One Midtown,"DLF One Midtown, New Moti Nagar, Kirti Nagar"
P_918,New Delhi,Paschim Vihar
P_919,Beverly Park Apartments,"Beverly Park Apartments, Dwarka Sector 22"
P_920,Ayudh Vihar,"Ayudh Vihar, Dwarka Sector 13"
P_921,Shivani Apartments,"Shivani Apartments, Dwarka Sector 12"
P_922,Best Paradise The Bhartiya,"Best Paradise The Bhartiya, Dwarka"
P_923,Roop Villa Apartment,"Roop Villa Apartment, DS 19"
P_924,Dream Apartments,"Dream Apartments, Dwarka Sector 22"
P_925,Gulistan Apartment,"Gulistan Apartment, Dwarka Sector 13"
P_926,Shri Siddhi Vinayak Homes,"Shri Siddhi Vinayak Homes, Dwarka Mor"
P_927,New Delhi,Chattarpur Enclave
P_928,New Delhi,"Kailash Colony, Greater Kailash"
P_929,New Delhi,"Maya Enclave, Hari Nagar"
P_930,New Delhi,Sarvodaya Enclave
P_931,Sahid Bhagat Singh Apartment,"Sahid Bhagat Singh Apartment, Dwarka Sector 14"
P_932,New Delhi,Anand Niketan Block A
P_933,New Delhi,Dwarka Mor
P_934,New Delhi,"Sunder Vihar, Paschim Vihar"
P_935,New Delhi,Dwarka Sector 18B
P_936,New Delhi,Greater Kailash 2
P_937,New Delhi,"Nehru Enclave, Kalkaji"
P_938,DDA MIG Flats Pocket 6,"DDA MIG Flats Pocket 6, Dwarka Sector 12"
P_939,Ashadeep Apartment,"Ashadeep Apartment, Dwarka Sector 2"
P_940,New Delhi,Hauz Khas
P_941,Bhrigu Apartments,"Bhrigu Apartments, Dwarka Sector 9"
P_942,New Delhi,Chhattarpur
P_943,DDA Geetanjali Enclave Project,"DDA Geetanjali Enclave Project, Geetanjali Enclave, Malviya Nagar"
P_944,Chandanwari Apartments,"Chandanwari Apartments, Dwarka Sector 10"
P_945,New Delhi,Naraina Vihar
P_946,New Delhi,"Rajouri Garden Extension, Rajouri Garden"
P_947,New Delhi,Rohini Sector 25
P_948,New Delhi,Paschim Vihar Block B3
P_949,New Delhi,Model Town Phase 2
P_950,CGHS Antariksh Apartments,"CGHS Antariksh Apartments, Dwarka"
P_951,New Delhi,Greater Kailash 1
P_952,New Delhi,Mahavir Enclave Part 1
P_953,New Delhi,"South Extension 2, South Ex 2"
P_954,Hauz Khas Apartment,"Hauz Khas Apartment, Hauz Khas"
P_955,New Delhi,Greater Kailash 2
P_956,New Delhi,Classic Apartments
P_957,New Delhi,Hari Nagar
P_958,New Delhi,Rohini Sector 16
P_959,New Delhi,Safdarjung Enclave
P_960,New Delhi,Rohini Sector 24
P_961,New Delhi,ehrauli
P_962,New Delhi,Dwarka Mor
P_963,New Delhi,Okhla
P_964,New Delhi,Pahar Ganj
P_965,Archana Apartment,"Archana Apartment, Paschim Vihar"
P_966,New Delhi,Uttam Nagar West
P_967,New Delhi,"NaraVihar, Naraina"
P_968,New Delhi,Rohini Sector 13
P_969,DDA Hill View Apartment,"DDA Hill View Apartment, Vasant Vihar"
P_970,New Delhi,Paschim Vihar
P_971,New Delhi,Vasant Kunj Sector B
P_972,New Delhi,"Rajpur Khurd Extension, Rajpur"
P_973,New Delhi,"Sainik Nagar, Uttam Nagar"
P_974,New Delhi,"Lalita Park, Laxmi Nagar"
P_975,New Delhi,Dwarka Mor
P_976,New Delhi,"New Mahavir Nagar, Tilak Nagar"
P_977,Kings Bury Apartment,"Kings Bury Apartment, GT Karnal Road"
P_978,New Delhi,Dwarka Mor
P_979,New Delhi,Hari Nagar
P_980,New Delhi,Nizamuddeast market
P_981,New Delhi,"Gagan Vihar, Krishna Nagar"
P_982,New Delhi,"Amar Colony, Lajpat Nagar"
P_983,DDA Ganga Apartment Sector D Pocket 6,"DDA Ganga Apartment Sector D Pocket 6, Vasant Kunj"
P_984,New Delhi,Rohini Sector 16
P_985,New Delhi,Krishna Nagar-Safdarjung Enclave
P_986,DDA Flats Sarita Vihar Pocket J,"DDA Flats Sarita Vihar Pocket J, Sarita Vihar Pocket J"
P_987,New Delhi,"New Kondli, Kondli"
P_988,New Delhi,Kakrola
P_989,Parijat Apartment,"Parijat Apartment, Dwarka Sector 4"
P_990,Udap Colony,"Udap Colony, Uday Park, South Extension"
P_991,New Delhi,Uttam Nagar
P_992,New Delhi,Dwarka Sector 19B
P_993,New Delhi,Freedom Fighters Enclave
P_994,Rani Jhansi Kunj,"Rani Jhansi Kunj, Keshav Puram, Tri Nagar"
P_995,New Delhi,Uttam Nagar West
P_996,New Delhi,"Mehrauli Village, Mehrauli"
P_997,DDA Lig Flats,"DDA Lig Flats, Narela"
P_998,New Delhi,"Shahpur Jat, Siri Fort"
P_999,New Delhi,"Ajay Enclave, Ashok Nagar"
P_1000,New Delhi,"Nanak Pura, Hari Nagar"
P_1001,New Delhi,"Shiv Nagar, Janakpuri"
P_1002,New Delhi,Shakti Nagar
P_1003,DDA SFS Flats Pocket A,"DDA SFS Flats Pocket A, Mayur Vihar 3"
P_1004,DDA Flats Sarita Vihar,"DDA Flats Sarita Vihar, Sarita Vihar, Mathura Road"
P_1005,New Delhi,Rohini Sector 17
P_1006,New Delhi,"Janak Park, Hari Nagar"
P_1007,New Delhi,Uttam Nagar
P_1008,New Delhi,Rohini Sector 7
P_1009,New Delhi,"Prakash Mohalla, East of Kailash"
P_1010,New Delhi,Vikaspuri
P_1011,New Delhi,Punjabi Bagh
P_1012,Ansals Laxmi Deep,"Ansals Laxmi Deep, Laxmi Nagar District Centre, Laxmi Nagar"
P_1013,New Delhi,"Krishna Nagar East, Krishna Nagar"
P_1014,New Delhi,Dwaraka More
P_1015,New Delhi,Chhattarpur
P_1016,New Delhi,Rohini Sector 17
P_1017,New Delhi,Mahavir Enclave
P_1018,New Delhi,Mahavir Enclave Part 1
P_1019,New Delhi,Janakpuri
P_1020,New Delhi,Molarband
P_1021,Laxmi Silver Park,"Laxmi Silver Park, Krishna Nagar"
P_1022,Lamba New Rohini Builder Floors,"Lamba New Rohini Builder Floors, Rohini Sector 25"
P_1023,New Delhi,Shastri Nagar Block A
P_1024,New Delhi,"Krishan Kunj, Laxmi Nagar"
P_1025,New Delhi,Vikaspuri
P_1026,Godrej South Estate,"Godrej South Estate, Okhla"
P_1027,Ganga Duplex,"Ganga Duplex, Vasant Kunj"
P_1028,New Delhi,"Saraswati Garden, Ramesh Nagar"
P_1029,New Delhi,Tigri
P_1030,New Delhi,Rohini Sector 22
P_1031,New Delhi,"Raj Nagar 2, New Delhi"
P_1032,New Delhi,Punjabi Bagh West
P_1033,New Delhi,Rohini Sector 34
P_1034,New Delhi,Mahavir Enclave Part 1
P_1035,New Delhi,"Panchsheel Vihar, Sheikh Sarai"
P_1036,New Delhi,Janakpuri
P_1037,New Delhi,"Saraswati Garden, Ramesh Nagar"
P_1038,New Delhi,"Nangal Raya, Janakpuri"
P_1039,New Delhi,Shastri Nagar
P_1040,New Delhi,Mayur Vihar 1
P_1041,New Delhi,Janakpuri Block B1
P_1042,New Delhi,Dronacharya cghs limited mayur vihar phase 1
P_1043,New Delhi,"Chanakya Place 1, Sitapuri"
P_1044,New Delhi,"Naveen Shahdara, Shahdara"
P_1045,New Delhi,"Kilokri, Sunlight Colony"
P_1046,New Delhi,Janakpuri Block A1
P_1047,National Apartment,"National Apartment, Dwarka Sector 3"
P_1048,New Delhi,Karol Bagh
P_1049,New Delhi,Vikaspuri
P_1050,New Delhi,Dashrathpuri
P_1051,New Delhi,Burari
P_1052,New Delhi,"Paryavaran Complex, Sainik Farm"
P_1053,New Delhi,Rohini Sector 21
P_1054,New Delhi,Janakpuri Block C3
P_1055,New Delhi,"New Moti Nagar, Kirti Nagar"
P_1056,New Delhi,Paschim Vihar
P_1057,New Delhi,"Old Rajendra Nagar, Rajinder Nagar"
P_1058,New Delhi,D Block Janakpuri
P_1059,DDA Maheshwari Apartment,"DDA Maheshwari Apartment, Rohini Sector 14"
P_1060,New Delhi,Siri Fort Road
P_1061,DDA GH 4 Rohini,"DDA GH 4 Rohini, Rohini Sector 28"
P_1062,New Delhi,New Friends Colony
P_1063,New Delhi,Jasola
P_1064,New Delhi,Mahavir Enclave Part 1
P_1065,DDA MIG Flats Pocket F,"DDA MIG Flats Pocket F, GTB Enclave"
P_1066,New Delhi,"St Nagar Burari, Burari"
P_1067,New Delhi,Virender Nagar
P_1068,New Delhi,Inder Enclave
P_1069,New Delhi,Civil Lines
P_1070,New Delhi,"Jahangirpuri Industrial Area, Jhangir Puri"
P_1071,New Delhi,Faridabad Gurgaon Road
P_1072,New Delhi,"Uttam Nagar East, Uttam Nagar"
P_1073,New Delhi,Rohini Sector 11
P_1074,New Delhi,"Uttam Nagar East, Uttam Nagar"
P_1075,DDA Flats,"DDA Flats, New Ranjit Nagar"
P_1076,New Delhi,"Mohan Garden, Razapur Khurd"
P_1077,New Delhi,New Friends Colony
P_1078,New Delhi,"Vikram Vihar, Lajpat Nagar"
P_1079,New Delhi,Defence Colony
P_1080,New Delhi,JaColony
P_1081,New Delhi,"Vishwakarma Colony, Mehrauli Badarpur Road"
P_1082,New Delhi,Mahavir Enclave Part 1
P_1083,New Delhi,"Vigyan Lok, Anand Vihar"
P_1084,New Delhi,Pankha Road
P_1085,New Delhi,Shastri Nagar
P_1086,New Delhi,PUSA Road
P_1087,New Delhi,"Kiran Garden, Uttam Nagar"
P_1088,New Delhi,Hari Nagar
P_1089,New Delhi,"Indira Vihar, Mukherjee Nagar"
P_1090,New Delhi,"Mohan Garden, Razapur Khurd"
P_1091,New Delhi,Kalu Sarai
P_1092,New Delhi,"Amar Colony, Lajpat Nagar"
P_1093,New Delhi,Uttam Nagar
P_1094,New Delhi,"New Mahavir Nagar, Tilak Nagar"
P_1095,New Delhi,Shalimar Bagh West Block BW
P_1096,New Delhi,"Rajpur Khurd Extension, Rajpur"
P_1097,New Delhi,Dwarka
P_1098,New Delhi,Sultanpur Extension
P_1099,New Delhi,Dwarka Sector 1
P_1100,New Delhi,Kalkaji
P_1101,New Delhi,Dayanand Colony
P_1102,AG1 Pocket Vikaspuri,"AG1 Pocket Vikaspuri, Vikaspuri Block A"
P_1103,New Delhi,Mahavir Enclave Part 2
P_1104,New Delhi,Mayur Vihar Phase 1 Extension
P_1105,New Delhi,Model Town Phase 2
P_1106,New Delhi,GTB Enclave
P_1107,DDA Flat AD Block,"DDA Flat AD Block, Shalimar Bagh AD Block"
P_1108,New Delhi,Vikaspuri Block J
P_1109,New Delhi,Janakpuri Block A2
P_1110,New Delhi,Rajouri Garden
P_1111,New Delhi,Rohini Sector 7
P_1112,New Delhi,Chirag Delhi
P_1113,D7 Vasant Kunj Apartment,"D7 Vasant Kunj Apartment, Vasant Kunj"
P_1114,New Delhi,Rohini Sector 7
P_1115,New Delhi,Bamnoli
P_1116,New Delhi,"Hudson Lane, GTB Nagar"
P_1117,New Delhi,Mahavir Enclave Part 1
P_1118,DDA Qutab View Appartment,"DDA Qutab View Appartment, Katwaria Sarai"
P_1119,New Delhi,Vikaspuri
P_1120,New Delhi,Rohini Sector 7
P_1121,Prayag Apartments,"Prayag Apartments, Vasundhara Enclave"
P_1122,New Delhi,New Friends Colony
P_1123,New Delhi,Adarsh Nagar
P_1124,New Delhi,"Sriniwaspuri Extension, Sri Niwaspuri"
P_1125,The Shabad Apartment,"The Shabad Apartment, Dwarka Sector 13"
P_1126,DDA Indraprastha Apartment,"DDA Indraprastha Apartment, Dwarka Sector 12"
P_1127,New Delhi,Uttam Nagar
P_1128,True Friends Apartments,"True Friends Apartments, Dwarka Sector 6"
P_1129,DDA LIG Flat Mayur Vihar PH 3,"DDA LIG Flat Mayur Vihar PH 3, Mayur Vihar 3"
P_1130,New Delhi,Freedom Fighters Enclave
P_1131,New Delhi,Rangpuri
P_1132,DDA Flats,"DDA Flats, Katwaria Sarai"
P_1133,New Delhi,Hari Nagar
P_1134,New Delhi,"Masjid Moth, Greater Kailash"
P_1135,New Delhi,"Jeevan Park, Bindapur"
P_1136,New Delhi,Raja Puri
P_1137,New Delhi,Nangloi
P_1138,DLF Midtown Plaza,"DLF Midtown Plaza, Karam Pura"
P_1139,New Delhi,Chattarpur
P_1140,Ashiyana Apartment,"Ashiyana Apartment, Mayur Vihar 1"
P_1141,New Delhi,Malviya Nagar
P_1142,New Delhi,Janakpuri Block C3
P_1143,New Delhi,Tigri
P_1144,New Delhi,Krishna Park
P_1145,New Delhi,Green Park Extension
P_1146,Gupta Plaza,"Gupta Plaza, Kalkaji"
P_1147,New Delhi,New Rajendra Nagar
P_1148,New Delhi,Janakpuri
P_1149,New Delhi,Rohini Sector 24
P_1150,New Delhi,New Rajendra Nagar
P_1151,New Delhi,Lajpat Nagar
P_1152,New Delhi,Savitri Nagar Central
P_1153,Vishal Apartment,"Vishal Apartment, Vasundhara Enclave"
P_1154,New Delhi,Safdarjung Enclave
P_1155,Siddhartha Extension Pocket C,"Siddhartha Extension Pocket C, Sidhartha Extention, Sidhartha Nagar"
P_1156,New Delhi,"Indraprastha Extension, Patparganj"
P_1157,New Delhi,Naraina Vihar
P_1158,RWA South Extension 2,"RWA South Extension 2, South Extension 2, South Ex 2"
P_1159,DDA Pocket 2 MIG,"DDA Pocket 2 MIG , Dwarka Sector 9"
P_1160,Jhulelal Apartment,"Jhulelal Apartment, Pitampura"
P_1161,New Delhi,Govindpuri Main
P_1162,DDA Flats,"DDA Flats, Jasola Vihar"
P_1163,New Delhi,"Khanpur, Madangir"
P_1164,New Delhi,Katwaria Sarai
P_1165,New Delhi,Greater Kailash 1
P_1166,Sai Savera,"Sai Savera, Dwarka Sector 15"
P_1167,Satyashanti Apartment,"Satyashanti Apartment, Rohini Sector 13"
P_1168,Suruchi Apartments,"Suruchi Apartments, Dwarka Sector 10"
P_1169,New Delhi,"Mohan Garden, Razapur Khurd"
P_1170,New Delhi,Naraina Vihar
P_1171,New Delhi,Uttam Nagar
P_1172,Amar Jyoti Kunj Apartment,"Amar Jyoti Kunj Apartment, Mayur Vihar 1"
P_1173,New Delhi,Lajpat Nagar
P_1174,New Delhi,Vasant Kunj
P_1175,New Delhi,Defence Colony
P_1176,New Delhi,Ghitorni
P_1177,New Delhi,Malviya Nagar
P_1178,New Delhi,Sangam Vihar
P_1179,New Delhi,Green Park
P_1180,New Delhi,Mahavir Enclave Part 1
P_1181,New Delhi,"Govindpuri Extension, Kalkaji"
P_1182,New Delhi,Shanti Kunj
P_1183,New Delhi,Dwarka Sector 17
P_1184,New Delhi,Uttam Nagar
P_1185,New Delhi,Malviya Nagar
P_1186,New Delhi,"Tagore Park, Mukherjee Nagar"
P_1187,New Delhi,"Vishal Enclave, Tagore Garden Extension"
P_1188,New Delhi,Karol Bagh
P_1189,Netaji Subhash Chandra DDA Flat,"Netaji Subhash Chandra DDA Flat, Dwarka Sector 13"
P_1190,New Delhi,Saket
P_1191,New Delhi,Lok Vihar
P_1192,New Delhi,Rohini Sector 16
P_1193,New Delhi,Mehrauli
P_1194,New Delhi,Freedom Fighters Enclave
P_1195,New Delhi,Rohini Sector 15
P_1196,New Delhi,New Manglapuri
P_1197,DDA Flats Vasant Apartments,"DDA Flats Vasant Apartments, Vasant Kunj"
P_1198,New Delhi,Rohini Sector 3
P_1199,New Delhi,Vishnu Garden
P_1200,Heritage Tower,"Heritage Tower, Dwarka Sector 3"
P_1201,Annand Niketan CHS,"Annand Niketan CHS, Anand Niketan"
P_1202,New Delhi,Greater Kailash 1
P_1203,New Delhi,Greater Kailash 2
P_1204,New Delhi,Kalkaji
P_1205,New Delhi,Anand Vihar
P_1206,Pragya Apartments,"Pragya Apartments, Dwarka Sector 2"
P_1207,Sant Sunder Dass Apartment,"Sant Sunder Dass Apartment, Dwarka Sector 12"
P_1208,New Delhi,Surajmal Vihar
P_1209,New Delhi,Kirti Nagar
P_1210,New Delhi,Vikaspuri Block H
P_1211,RWA E Block,"RWA E Block, Greater Kailash 1"
P_1212,New Delhi,East Of Kailash Block E
P_1213,DDA Flats Munirka,"DDA Flats Munirka, Munirka"
P_1214,RWA GG1 Block Vikaspuri,"RWA GG1 Block Vikaspuri, Vikaspuri"
P_1215,DDA Pocket 2,"DDA Pocket 2, Vasant Kunj Sector D"
P_1216,New Delhi,Uttari Pitampura
P_1217,New Delhi,Shastri Nagar
P_1218,Kamakshi Apartment,"Kamakshi Apartment, Dwarka Sector 6 Pocket 1"
P_1219,New Delhi,"Geetanjali Enclave, Malviya Nagar"
P_1220,Young Aheria CGHS,"Young Aheria CGHS, Dwarka"
P_1221,New Delhi,Safdarjung Enclave
P_1222,New Delhi,Janakpuri
P_1223,Baroda House Apartment,"Baroda House Apartment, Dwarka Sector 10"
P_1224,New Delhi,Greater Kailash 2
P_1225,New Delhi,"Indraprastha Extension, Patparganj"
P_1226,New Delhi,Poorvi Pitampura
P_1227,New Delhi,Mahipalpur
P_1228,New Delhi,Sarvapriya Vihar
P_1229,New Delhi,IPEXTENSION Patparganj
P_1230,New Delhi,Govindpuri Main
P_1231,New Delhi,"Navjivan Vihar, Adchini"
P_1232,New Delhi,Saket
P_1233,Shree Hari Apartments,"Shree Hari Apartments, Dwarka Sector 12"
P_1234,New Delhi,Saket
P_1235,New Delhi,Vasant Kunj
P_1236,New Delhi,Uttam Nagar West
P_1237,New Delhi,New Rajendra Nagar
P_1238,New Delhi,New Rajendra Nagar
P_1239,New Delhi,Sheikh Sarai Phase 1
P_1240,D3 & D4 Vasant Kunj,"D3 & D4 Vasant Kunj, Vasant Kunj Sector D"
P_1241,New Delhi,Chittaranjan Park
P_1242,DDA Flats Sector A Pocket B & C,"DDA Flats Sector A Pocket B & C, Vasant Kunj"
P_1243,Duggal Housing Complex,"Duggal Housing Complex, Duggal Colony"
P_1244,DDA Sunder Apartments,"DDA Sunder Apartments, Sunder Vihar, Paschim Vihar"
P_1245,New Delhi,Uttam Nagar West
P_1246,Nav Sansad Vihar,"Nav Sansad Vihar, Dwarka Sector 22"
P_1247,Ankur Apartment,"Ankur Apartment, Paschim Vihar"
P_1248,JVTS Gardens,"JVTS Gardens, Chhattarpur"
P_1249,RWA Greater Kailash 1,"RWA Greater Kailash 1, Greater Kailash 1"
P_1250,DDA Akshardham Apartments,"DDA Akshardham Apartments, DS 19"
P_1251,New Delhi,Rohini Sector 23
P_1252,Printers Apartments,"Printers Apartments, Rohini Sector 13"
P_1253,New Delhi,Janakpuri
P_1254,New Delhi,Greater Kailash 1
P_1255,New Delhi,Deep Vihar
P_1256,New Delhi,Rehayshi Apartment
P_1257,New Delhi,Vikaspuri
P_1258,New Delhi,Jor Bagh
P_1259,New Delhi,Lajpat Nagar 2
P_1260,New Delhi,Gautam Nagar
P_1261,New Delhi,East Of Kailash
P_1262,New Delhi,Ashok Vihar Phase 2
P_1263,Navkunj Apartment,"Navkunj Apartment, Indraprastha Extension, Patparganj"
P_1264,New Delhi,Vikaspuri
P_1265,New Delhi,"Baba Colony, Burari"
P_1266,New Delhi,Vivek Vihar
P_1267,DLF One Midtown,"DLF One Midtown, Moti Nagar, Kirti Nagar"
P_1268,DDA Flats Vasant Kunj,"DDA Flats Vasant Kunj, Vasant Kunj Sector C"
P_1269,New Delhi,Rohini Sector 3
P_1270,Classic Apartment,"Classic Apartment, Dwarka Sector 22"
P_1271,Unity the Amaryllis,"Unity the Amaryllis, Karol Bagh"
P_1272,New Delhi,"Gujranwala Town, Model Town"
P_1273,New Delhi,Defence Colony
P_1274,New Delhi,Sarita Vihar Pocket F
P_1275,New Delhi,Chhattarpur Enclave
P_1276,Crown co operative Housing Society,"Crown co operative Housing Society, Dwarka Sector 7"
P_1277,Godrej Prima,"Godrej Prima, Okhla"
P_1278,New Delhi,Preet Vihar
P_1279,Sarvhit Apartments DDA Flats,"Sarvhit Apartments DDA Flats, Dwarka Sector 17"
P_1280,New Delhi,"Sukhdev Vihar, Okhla"
P_1281,New Delhi,"NaraVihar, Naraina"
P_1282,DLF Capital Greens 1 and 2,"DLF Capital Greens 1 and 2, New Moti Nagar, Kirti Nagar"
P_1283,New Delhi,Rohini Sector 24
P_1284,Godrej South Estate,"Godrej South Estate, Okhla"
P_1285,DDA Flats,"DDA Flats, Sarita Vihar, Mathura Road"
P_1286,New Delhi,"Patel Nagar East, Patel Nagar"
P_1287,Garden Estate,"Garden Estate, Dwarka Sector 22"
P_1288,New Delhi,Vasant Kunj Enclave
P_1289,Sant Sunder Dass Apartment,"Sant Sunder Dass Apartment, Dwarka Sector 12"
P_1290,New Delhi,DS 19
P_1291,DGS Apartment,"DGS Apartment, Dwarka Sector 22"
P_1292,DDA Gaurav Apartment,"DDA Gaurav Apartment, Saket"
P_1293,New Delhi,Lajpat Nagar 3
P_1294,Eden Tower Apartment,"Eden Tower Apartment, Dwarka Sector 5"
P_1295,Project Shiva Enclave,"Project Shiva Enclave, Paschim Vihar"
P_1296,New Delhi,Chittaranjan Park
P_1297,New Delhi,builder Floor
P_1298,New Delhi,Anand Vihar
P_1299,New Delhi,Dwarka Sector 7
P_1300,New Delhi,Panchsheel Park
P_1301,Capital Apartment,"Capital Apartment, Vasundhara Enclave"
P_1302,New Delhi,"Safdarjung Development Area, Hauz Khas"
P_1303,New Delhi,Sarvodaya Enclave
P_1304,New Delhi,GH 14 Paschim Vihar
P_1305,New Delhi,"Dayanand Colony Block C, Lajpat Nagar"
P_1306,New Delhi,Uttam Nagar West
P_1307,New Delhi,Rohini Sector 13
P_1308,New Delhi,Rohini Sector 16
P_1309,New Delhi,Punjabi Bagh West
P_1310,New Delhi,Vasant Vihar
P_1311,New Delhi,Lajpat Nagar 3
P_1312,New Delhi,Dwarka Sector 6
P_1313,New Delhi,"Kamal Pur, Burari"
P_1314,New Delhi,"Kailash Colony, Greater Kailash"
P_1315,New Delhi,Kalkaji
P_1316,New Delhi,Naraina Vihar
P_1317,New Delhi,Rohini Sector 16
P_1318,New Delhi,Bhagwati Garden
P_1319,Diamond Square,"Diamond Square, Dwarka Sector 6"
P_1320,D3 & D4 Vasant Kunj,"D3 & D4 Vasant Kunj, Vasant Kunj"
P_1321,New Delhi,Dwarka
P_1322,Skylark Apartment,"Skylark Apartment, Dwarka Sector 6"
P_1323,DLF Capital Greens 1 and 2,"DLF Capital Greens 1 and 2, Moti Nagar, Kirti Nagar"
P_1324,New Delhi,Green Park Extension
P_1325,Chandanwari Apartments,"Chandanwari Apartments, Dwarka Sector 10"
P_1326,New Delhi,Uttam Nagar West
P_1327,DDA Flats Vasant Kunj,"DDA Flats Vasant Kunj, Vasant Kunj Sector D"
P_1328,New Delhi,Safdarjung Enclave
P_1329,New Delhi,Dwarka Sector 7
P_1330,New Delhi,Panchsheel Park
P_1331,New Delhi,Safdarjung Enclave
P_1332,New Delhi,Janakpuri
P_1333,New Delhi,Greater Kailash 2
P_1334,New Delhi,"Sukhdev Vihar, Okhla"
P_1335,New Delhi,"Jeevan Park, Bindapur"
P_1336,DDA Freedom Fighter Enclave,"DDA Freedom Fighter Enclave, Saket"
P_1337,DDA Flats Sector D Pocket 8,"DDA Flats Sector D Pocket 8, Vasant Kunj"
P_1338,DDA Sudarshan Apartment,"DDA Sudarshan Apartment, Indraprastha Extension, Patparganj"
P_1339,New Delhi,Kirti Nagar
P_1340,IIT Engineers Apartments,"IIT Engineers Apartments, Dwarka Sector 10"
P_1341,New Delhi,Vasant Kunj
P_1342,New Delhi,Preet Vihar
P_1343,New Delhi,New Rajendra Nagar
P_1344,New Delhi,Greater Kailash 3
P_1345,New Delhi,Poorvi Pitampura
P_1346,New Delhi,New Rajendra Nagar
P_1347,New Delhi,Dwarka Sector 8
P_1348,New Delhi,Kalkaji
P_1349,New Delhi,Rohini Sector 9
P_1350,RWA Malviya Nagar,"RWA Malviya Nagar, Malviya Nagar"
P_1351,New Delhi,"Patel Nagar East, Patel Nagar"
P_1352,S Blocks Panchsheel Park,"S Blocks Panchsheel Park, Panchsheel Park"
P_1353,New Delhi,Rohini Sector 7
P_1354,New Delhi,Rohini Sector 24
P_1355,Saubhagya Apartment,"Saubhagya Apartment, Rohini Sector 9"
P_1356,New Delhi,Janakpuri
P_1357,New Delhi,Jasola
P_1358,New Delhi,Chirag Delhi
P_1359,Arya Chittaranjan Park,"Arya Chittaranjan Park, Chittaranjan Park"
P_1360,DDA Project Paryavaran Complex,"DDA Project Paryavaran Complex, Saket"
P_1361,DDA Millennium Apartment,"DDA Millennium Apartment, Rohini"
P_1362,New Delhi,"Jangpura Extension, Jangpura"
P_1363,DDA Flats Sector B Pocket 9,"DDA Flats Sector B Pocket 9, Vasant Kunj"
P_1364,Lok Vihar B Block,"Lok Vihar B Block, Pitampura"
P_1365,DDA Nilgiri Apartment,"DDA Nilgiri Apartment, Alaknanda"
P_1366,DDA Pocket 2,"DDA Pocket 2, Vasant Kunj Sector D"
P_1367,Sector 5 Pocket 1 DDA SFS Flats,"Sector 5 Pocket 1 DDA SFS Flats, Dwarka Sector 5"
P_1368,RWA South Extension 2,"RWA South Extension 2, South Extension 2, South Ex 2"
P_1369,Allahabad Bank Apartments,"Allahabad Bank Apartments, Mayur Vihar"
P_1370,DDA Flats Sector E Pocket 2,"DDA Flats Sector E Pocket 2, Vasant Kunj"
P_1371,New Delhi,Lajpat Nagar 2
P_1372,New Delhi,Chittaranjan Park
P_1373,New Delhi,Lajpat Nagar 1
P_1374,New Delhi,"Indraprastha Extension, Patparganj"
P_1375,DDA Flats Munirka,"DDA Flats Munirka, Munirka"
P_1376,New Delhi,Panchsheel Enclave
P_1377,New Delhi,Chittaranjan Park
P_1378,New Delhi,Janakpuri
P_1379,New Delhi,"Jamia Nagar, Okhla"
P_1380,New Delhi,Bhajanpura
P_1381,Hindustan Times Apartment,"Hindustan Times Apartment, Mayur Vihar 1"
P_1382,New Delhi,Malviya Nagar
P_1383,Mount Kailash,"Mount Kailash, East Of Kailash"
P_1384,Unity the Amaryllis,"Unity the Amaryllis, Karol Bagh"
P_1385,New Delhi,Greater Kailash 2
P_1386,New Delhi,Virender Nagar
P_1387,New Delhi,"Indraprastha Extension, Patparganj"
P_1388,New Delhi,Rohini Sector 21
P_1389,New Delhi,Raja Puri
P_1390,New Delhi,Palam Extension
P_1391,East End Apartments,"East End Apartments, Mayur Vihar 1"
P_1392,New Delhi,Khel Gaon
P_1393,RWA South Extension 2,"RWA South Extension 2, South Extension 2, South Ex 2"
P_1394,M2K Victoria Gardens,"M2K Victoria Gardens, Model Town"
P_1395,New Delhi,Greater Kailash 2
P_1396,New Delhi,"Navjivan Vihar, Adchini"
P_1397,DDA Hill View Apartment,"DDA Hill View Apartment, Vasant Kunj"
P_1398,DLF Capital Greens 1 and 2,"DLF Capital Greens 1 and 2, Moti Nagar, Kirti Nagar"
P_1399,New Delhi,Sarvodaya Enclave
P_1400,Suryodaya Apartment DDA Flats Pocket 8,"Suryodaya Apartment DDA Flats Pocket 8, Dwarka"
P_1401,New Delhi,Mansarovar garden
P_1402,New Delhi,Dwarka Mor
P_1403,DDA Flats Sarita Vihar,"DDA Flats Sarita Vihar, Sarita Vihar Pocket C"
P_1404,New Delhi,Tilak Nagar
P_1405,New Delhi,"Vasant Kunj 2, Vasant Kunj"
P_1406,New Delhi,"Mahendru Enclave, Model Town"
P_1407,DDA LIG Apartment Dilshad Garden,"DDA LIG Apartment Dilshad Garden, Dilshad Garden"
P_1408,New Delhi,Shahdara
P_1409,New Delhi,Sarvapriya Vihar
P_1410,New Delhi,Ashok Vihar Phase 1
P_1411,New Delhi,Uttam Nagar
P_1412,Dharamkunj Apartment,"Dharamkunj Apartment, Rohini Sector 9"
P_1413,New Delhi,"Mohan Garden, Razapur Khurd"
P_1414,New Delhi,Greater Kailash 2
P_1415,RWA E Block,"RWA E Block, Lajpat Nagar 1"
P_1416,New Delhi,"Arjun Nagar, Safdarjung Enclave"
P_1417,DDA Rohini Apartment,"DDA Rohini Apartment, Rohini Sector 8"
P_1418,New Delhi,Uttam Nagar West
P_1419,Him Vihar Apartments,"Him Vihar Apartments, Indraprastha Extension, Patparganj"
P_1420,New Delhi,Mayur Vihar 2
P_1421,DDA Flats Munirka,"DDA Flats Munirka, Munirka"
P_1422,DDA Flats Munirka,"DDA Flats Munirka, Munirka"
P_1423,RWA H Block,"RWA H Block, Chittaranjan Park"
P_1424,New Delhi,Hari Nagar
P_1425,Umang Winter Hills,"Umang Winter Hills, Dwarka Mor"
P_1426,New Delhi,Uttam Nagar West
P_1427,New Delhi,Dera Mandi
P_1428,New Delhi,Dwarka Sector 7
P_1429,Sahridaya Apartment,"Sahridaya Apartment, Paschim Vihar"
P_1430,Samay Vihar Apartment,"Samay Vihar Apartment, Rohini Sector 13"
P_1431,Ras Vihar,"Ras Vihar, Indraprastha"
P_1432,DLF Capital Greens 1 and 2,"DLF Capital Greens 1 and 2, Moti Nagar, Kirti Nagar"
P_1433,Siddhartha Apartment,"Siddhartha Apartment, Dwarka Sector 7"
P_1434,Arvind Apartment,"Arvind Apartment, DS 19"
P_1435,New Delhi,Greater Kailash 2
P_1436,New Delhi,Dilshad Garden
P_1437,New Delhi,Vasant Vihar
P_1438,New Delhi,New Ashok Nagar
P_1439,New Delhi,Tilak Marg
P_1440,Sangam Apartments Paschim Vihar,"Sangam Apartments Paschim Vihar, Ambica Vihar, Paschim Vihar"
P_1441,New Delhi,Chittaranjan Park
P_1442,DDA Flats Sector E Pocket 2,"DDA Flats Sector E Pocket 2, Vasant Kunj"
P_1443,Green Park RWA,"Green Park RWA, Green Park"
P_1444,DDA Flats Sarita Vihar Pocket J,"DDA Flats Sarita Vihar Pocket J, Sarita Vihar Pocket J"
P_1445,DDA Mayur Dhwaj Apartment,"DDA Mayur Dhwaj Apartment, Patparganj"
P_1446,DDA Flats Pocket C,"DDA Flats Pocket C, Sarita Vihar Pocket C"
P_1447,New Delhi,Naraina Vihar
P_1448,New Delhi,"Patel Nagar East, Patel Nagar"
P_1449,New Delhi,Kirti Nagar
P_1450,New Delhi,Chittaranjan Park
P_1451,New Delhi,Krishna Nagar-Safdarjung Enclave
P_1452,Dharma Apartment,"Dharma Apartment, Indraprastha Extension, Patparganj"
P_1453,Vandana Apartment,"Vandana Apartment, Rohini Sector 13"
P_1454,New Delhi,City Apt
P_1455,New Delhi,Tri Nagar
P_1456,New Delhi,Rohini Sector 16
P_1457,New Delhi,Sultanpur
P_1458,Godrej Connaught One,"Godrej Connaught One, Connaught Place"
P_1459,DDA Nilgiri Apartment,"DDA Nilgiri Apartment, Alaknanda"
P_1460,New Delhi,"Maharani Bagh, New Friends Colony"
P_1461,New Delhi,"Paryavaran Complex, Sainik Farm"
P_1462,New Delhi,East Of Kailash
P_1463,New Delhi,Malviya Nagar
P_1464,New Delhi,Lajpat Nagar 4
P_1465,Rama Krishna Apartment,"Rama Krishna Apartment, Indraprastha Extension, Patparganj"
P_1466,New Delhi,"Hudson Lane, GTB Nagar"
P_1467,New Delhi,Greater Kailash 1
P_1468,New Delhi,Dwarka Mor
P_1469,New Delhi,Connaught Place
P_1470,New Delhi,Krishna Park
P_1471,New Delhi,Mahavir Enclave Part 1
P_1472,New Delhi,Laxmi Nagar
P_1473,New Delhi,Civil Lines
P_1474,New Delhi,Mahavir Enclave
P_1475,New Delhi,Vasant Vihar
P_1476,DDA Azad Apartment,"DDA Azad Apartment, Sri Aurobindo Marg"
P_1477,New Delhi,Vasundhara Enclave
P_1478,New Delhi,Yamuna Vihar
P_1479,DDA LIG Apartment,"DDA LIG Apartment, Pitampura"
P_1480,New Delhi,Rohini Sector 20
P_1481,New Delhi,Chhattarpur Enclave
P_1482,New Delhi,Laxmi Nagar
P_1483,DDA Freedom Fighter Enclave,"DDA Freedom Fighter Enclave, Saket"
P_1484,New Delhi,Paschim Vihar
P_1485,New Delhi,New Friends Colony
P_1486,New Delhi,"Defence Enclave, Swasthya Vihar"
P_1487,DDA Rohini Apartment,"DDA Rohini Apartment, Rohini Sector 8"
P_1488,DDA Flats Munirka,"DDA Flats Munirka, JNU Campus Old, Munirka"
P_1489,New Delhi,"Krishan Kunj, Laxmi Nagar"
P_1490,New Delhi,Mahavir Enclave Part 1
P_1491,New Delhi,Model Town Phase 1
P_1492,New Delhi,Chittaranjan Park Block F
P_1493,DDA Prashant Apartments,"DDA Prashant Apartments, Indraprastha Extension, Patparganj"
P_1494,New Delhi,Green Park
P_1495,New Delhi,"Sukhdev Vihar, Okhla"
P_1496,New Delhi,"Nirman Vihar, Preet Vihar"
P_1497,DDA Flats Vasant Kunj,"DDA Flats Vasant Kunj, Vasant Kunj"
P_1498,DDA Green Valley Apartments,"DDA Green Valley Apartments, Janakpuri Block B 3B"
P_1499,DDA LIG Apartment,"DDA LIG Apartment, Paschim Vihar"
P_1500,DDA Pocket D,"DDA Pocket D, Dilshad Garden"
P_1501,New Delhi,Rohini Sector 24
P_1502,New Delhi,Vijay Park
P_1503,SBI Enclave,"SBI Enclave, Vikaspuri"
P_1504,New Delhi,Uttam Nagar West
P_1505,DDA Janta Flats,"le DDA Janta Flats, Dwarka Sector 16B"
P_1506,GK Enclave II,"GK Enclave II, Greater Kailash Enclave 2"
P_1507,Aadarsh Apartment,"Aadarsh Apartment, Dwarka Sector 3"
P_1508,DDA Mayur Dhwaj Apartment,"DDA Mayur Dhwaj Apartment, Patparganj"
P_1509,DDA LIG Apartment Dilshad Garden,"DDA LIG Apartment Dilshad Garden, Dilshad Garden"
P_1510,New Delhi,Nawada
P_1511,New Delhi,Mayur Vihar 3
P_1512,Project Amar Colony,"Project Amar Colony, Lajpat Nagar 4"
P_1513,DDA Flats Vasant Kunj,"DDA Flats Vasant Kunj, Vasant Kunj Sector A"
P_1514,New Delhi,"Old Rajendra Nagar, Rajinder Nagar"
P_1515,East End Apartments,"East End Apartments, Acharya Niketan, Mayur Vihar"
P_1516,DDA Golf View Apartments,"DDA Golf View Apartments, Saket"
P_1517,New Delhi,Mandawali
P_1518,Narmada Apartment,"Narmada Apartment, Alaknanda"
P_1519,New Delhi,Pankha Road
P_1520,New Delhi,Tilak Nagar
P_1521,New Delhi,"Mohan Garden, Razapur Khurd"
P_1522,New Delhi,Uttam Nagar
P_1523,New Delhi,Rohini
P_1524,New Delhi,Subhash Nagar
P_1525,New Delhi,Palam
P_1526,New Delhi,Mahavir Enclave
P_1527,New Delhi,"Old Rajendra Nagar, Rajinder Nagar"
P_1528,New Delhi,A Block-Saket
P_1529,New Delhi,Shahdara
P_1530,New Delhi,Dwarka
P_1531,DDA Gulmohar Enclave,"DDA Gulmohar Enclave, Gulmohar Enclave, Gulmohar Park"
P_1532,New Delhi,"Mahendru Enclave, Model Town"
P_1533,New Delhi,"Jheel Khurenja, Geeta Colony"
P_1534,New Delhi,"Savitri Nagar Village, Sheikh Sarai"
P_1535,New Delhi,Vikaspuri Block D
P_1536,New Delhi,Madhu Vihar-Patparganj
P_1537,New Delhi,Krishna Nagar
P_1538,New Delhi,Janakpuri
P_1539,New Delhi,GH 14 Paschim Vihar
P_1540,New Delhi,"Uttam Nagar Block C, Uttam Nagar"
P_1541,DDA Lig Flats,"DDA Lig Flats, Paschim Vihar"
P_1542,Uttam Nagar Floors,"Uttam Nagar Floors, Om Vihar, Nawada"
